"","citizenship","age","year","asfr"
"1","italiani",14,2002,0
"2","italiani",14,2003,0.03
"3","italiani",14,2004,0.02
"4","italiani",14,2005,0
"5","italiani",14,2006,0.03
"6","italiani",14,2007,0.01
"7","italiani",14,2008,0.02
"8","italiani",14,2009,0.04
"9","italiani",14,2010,0
"10","italiani",14,2011,0.08
"11","italiani",14,2012,0.07
"12","italiani",14,2013,0.04
"13","italiani",14,2014,0.06
"14","italiani",14,2015,0.03
"15","italiani",14,2016,0.03
"16","italiani",14,2017,0.02
"17","italiani",14,2018,0.03
"18","italiani",14,2019,0.01
"19","italiani",14,2020,0.01
"20","italiani",14,2021,0.03
"21","italiani",14,2022,0.02
"22","italiani",14,2023,0.03
"23","italiani",14,2024,0.01
"24","italiani",15,2002,0.12
"25","italiani",15,2003,0.14
"26","italiani",15,2004,0.15
"27","italiani",15,2005,0.12
"28","italiani",15,2006,0.12
"29","italiani",15,2007,0.13
"30","italiani",15,2008,0.18
"31","italiani",15,2009,0.14
"32","italiani",15,2010,0.1
"33","italiani",15,2011,0.09
"34","italiani",15,2012,0.12
"35","italiani",15,2013,0.21
"36","italiani",15,2014,0.24
"37","italiani",15,2015,0.17
"38","italiani",15,2016,0.17
"39","italiani",15,2017,0.15
"40","italiani",15,2018,0.1
"41","italiani",15,2019,0.09
"42","italiani",15,2020,0.11
"43","italiani",15,2021,0.07
"44","italiani",15,2022,0.06
"45","italiani",15,2023,0.07
"46","italiani",15,2024,0.06
"47","italiani",16,2002,2.94
"48","italiani",16,2003,2.99
"49","italiani",16,2004,2.92
"50","italiani",16,2005,2.82
"51","italiani",16,2006,2.6
"52","italiani",16,2007,2.62
"53","italiani",16,2008,2.83
"54","italiani",16,2009,2.67
"55","italiani",16,2010,2.42
"56","italiani",16,2011,2.48
"57","italiani",16,2012,2.5
"58","italiani",16,2013,2.14
"59","italiani",16,2014,2.08
"60","italiani",16,2015,1.91
"61","italiani",16,2016,1.61
"62","italiani",16,2017,1.35
"63","italiani",16,2018,1.21
"64","italiani",16,2019,1.2
"65","italiani",16,2020,0.9
"66","italiani",16,2021,0.94
"67","italiani",16,2022,0.82
"68","italiani",16,2023,0.76
"69","italiani",16,2024,0.8
"70","italiani",17,2002,5.57
"71","italiani",17,2003,5.37
"72","italiani",17,2004,5.44
"73","italiani",17,2005,5.5
"74","italiani",17,2006,4.82
"75","italiani",17,2007,4.74
"76","italiani",17,2008,5.07
"77","italiani",17,2009,4.56
"78","italiani",17,2010,4.52
"79","italiani",17,2011,4.34
"80","italiani",17,2012,4.37
"81","italiani",17,2013,4.05
"82","italiani",17,2014,4.07
"83","italiani",17,2015,3.57
"84","italiani",17,2016,3.06
"85","italiani",17,2017,2.86
"86","italiani",17,2018,2.63
"87","italiani",17,2019,2.19
"88","italiani",17,2020,1.89
"89","italiani",17,2021,1.91
"90","italiani",17,2022,1.76
"91","italiani",17,2023,1.53
"92","italiani",17,2024,1.45
"93","italiani",18,2002,8.91
"94","italiani",18,2003,8.48
"95","italiani",18,2004,8.31
"96","italiani",18,2005,8.22
"97","italiani",18,2006,7.99
"98","italiani",18,2007,7.84
"99","italiani",18,2008,8.13
"100","italiani",18,2009,7.32
"101","italiani",18,2010,7.28
"102","italiani",18,2011,7.18
"103","italiani",18,2012,7.17
"104","italiani",18,2013,6.74
"105","italiani",18,2014,6.45
"106","italiani",18,2015,5.98
"107","italiani",18,2016,5.61
"108","italiani",18,2017,4.85
"109","italiani",18,2018,4.38
"110","italiani",18,2019,4.24
"111","italiani",18,2020,3.61
"112","italiani",18,2021,3.31
"113","italiani",18,2022,3.24
"114","italiani",18,2023,3.15
"115","italiani",18,2024,2.95
"116","italiani",19,2002,12.58
"117","italiani",19,2003,12.44
"118","italiani",19,2004,12.3
"119","italiani",19,2005,12.25
"120","italiani",19,2006,12.14
"121","italiani",19,2007,11.72
"122","italiani",19,2008,11.56
"123","italiani",19,2009,11.31
"124","italiani",19,2010,10.95
"125","italiani",19,2011,10.94
"126","italiani",19,2012,10.4
"127","italiani",19,2013,9.83
"128","italiani",19,2014,9.76
"129","italiani",19,2015,8.97
"130","italiani",19,2016,8.94
"131","italiani",19,2017,7.76
"132","italiani",19,2018,8.02
"133","italiani",19,2019,6.79
"134","italiani",19,2020,6.57
"135","italiani",19,2021,5.98
"136","italiani",19,2022,5.91
"137","italiani",19,2023,5.68
"138","italiani",19,2024,5.2
"139","italiani",20,2002,16.3
"140","italiani",20,2003,16.03
"141","italiani",20,2004,16.02
"142","italiani",20,2005,15.69
"143","italiani",20,2006,15.47
"144","italiani",20,2007,15.64
"145","italiani",20,2008,15.28
"146","italiani",20,2009,14.63
"147","italiani",20,2010,13.87
"148","italiani",20,2011,13.95
"149","italiani",20,2012,14.12
"150","italiani",20,2013,13.33
"151","italiani",20,2014,12.91
"152","italiani",20,2015,12.26
"153","italiani",20,2016,11.48
"154","italiani",20,2017,10.87
"155","italiani",20,2018,10.47
"156","italiani",20,2019,9.56
"157","italiani",20,2020,8.85
"158","italiani",20,2021,8.62
"159","italiani",20,2022,8.37
"160","italiani",20,2023,7.81
"161","italiani",20,2024,7.29
"162","italiani",21,2002,20.95
"163","italiani",21,2003,20.12
"164","italiani",21,2004,20.31
"165","italiani",21,2005,19.77
"166","italiani",21,2006,18.83
"167","italiani",21,2007,18.98
"168","italiani",21,2008,19.3
"169","italiani",21,2009,18.82
"170","italiani",21,2010,18
"171","italiani",21,2011,17.45
"172","italiani",21,2012,17.33
"173","italiani",21,2013,16.79
"174","italiani",21,2014,16.72
"175","italiani",21,2015,15.2
"176","italiani",21,2016,14.68
"177","italiani",21,2017,13.97
"178","italiani",21,2018,12.93
"179","italiani",21,2019,12.08
"180","italiani",21,2020,11.63
"181","italiani",21,2021,11.27
"182","italiani",21,2022,10.71
"183","italiani",21,2023,10.06
"184","italiani",21,2024,9.87
"185","italiani",22,2002,26.64
"186","italiani",22,2003,25.67
"187","italiani",22,2004,25.58
"188","italiani",22,2005,24.27
"189","italiani",22,2006,23.69
"190","italiani",22,2007,23.6
"191","italiani",22,2008,24
"192","italiani",22,2009,22.86
"193","italiani",22,2010,22.26
"194","italiani",22,2011,21.63
"195","italiani",22,2012,21.41
"196","italiani",22,2013,20.2
"197","italiani",22,2014,20.77
"198","italiani",22,2015,19.35
"199","italiani",22,2016,18.52
"200","italiani",22,2017,17.63
"201","italiani",22,2018,17
"202","italiani",22,2019,15.71
"203","italiani",22,2020,14.95
"204","italiani",22,2021,14.25
"205","italiani",22,2022,14.06
"206","italiani",22,2023,13.1
"207","italiani",22,2024,11.98
"208","italiani",23,2002,33.82
"209","italiani",23,2003,32.43
"210","italiani",23,2004,31.32
"211","italiani",23,2005,30.2
"212","italiani",23,2006,30.23
"213","italiani",23,2007,28.74
"214","italiani",23,2008,30.18
"215","italiani",23,2009,29.05
"216","italiani",23,2010,27.72
"217","italiani",23,2011,26.82
"218","italiani",23,2012,26.3
"219","italiani",23,2013,25.84
"220","italiani",23,2014,25.03
"221","italiani",23,2015,24.14
"222","italiani",23,2016,23.78
"223","italiani",23,2017,21.92
"224","italiani",23,2018,20.29
"225","italiani",23,2019,19.46
"226","italiani",23,2020,18.65
"227","italiani",23,2021,17.83
"228","italiani",23,2022,18.07
"229","italiani",23,2023,16.18
"230","italiani",23,2024,15.7
"231","italiani",24,2002,41.33
"232","italiani",24,2003,40.69
"233","italiani",24,2004,39.44
"234","italiani",24,2005,37.78
"235","italiani",24,2006,37.2
"236","italiani",24,2007,36.55
"237","italiani",24,2008,37.1
"238","italiani",24,2009,35.49
"239","italiani",24,2010,34.68
"240","italiani",24,2011,33.35
"241","italiani",24,2012,33.08
"242","italiani",24,2013,31.77
"243","italiani",24,2014,30.9
"244","italiani",24,2015,29.93
"245","italiani",24,2016,28.99
"246","italiani",24,2017,27.78
"247","italiani",24,2018,26.39
"248","italiani",24,2019,24.32
"249","italiani",24,2020,23.74
"250","italiani",24,2021,22.48
"251","italiani",24,2022,22.12
"252","italiani",24,2023,20.37
"253","italiani",24,2024,19.27
"254","italiani",25,2002,50.89
"255","italiani",25,2003,49.38
"256","italiani",25,2004,49.3
"257","italiani",25,2005,47.11
"258","italiani",25,2006,46
"259","italiani",25,2007,45.37
"260","italiani",25,2008,45.4
"261","italiani",25,2009,44.26
"262","italiani",25,2010,43.35
"263","italiani",25,2011,41.48
"264","italiani",25,2012,41.37
"265","italiani",25,2013,40.61
"266","italiani",25,2014,38.49
"267","italiani",25,2015,38.21
"268","italiani",25,2016,36.64
"269","italiani",25,2017,35.59
"270","italiani",25,2018,33.6
"271","italiani",25,2019,31.38
"272","italiani",25,2020,30.81
"273","italiani",25,2021,29.67
"274","italiani",25,2022,28.78
"275","italiani",25,2023,26.65
"276","italiani",25,2024,25.48
"277","italiani",26,2002,61.53
"278","italiani",26,2003,60.15
"279","italiani",26,2004,58.99
"280","italiani",26,2005,58.46
"281","italiani",26,2006,56.21
"282","italiani",26,2007,55.22
"283","italiani",26,2008,55.58
"284","italiani",26,2009,55.29
"285","italiani",26,2010,53.91
"286","italiani",26,2011,52.29
"287","italiani",26,2012,51.86
"288","italiani",26,2013,50.2
"289","italiani",26,2014,48.99
"290","italiani",26,2015,47.34
"291","italiani",26,2016,45.92
"292","italiani",26,2017,44.41
"293","italiani",26,2018,43.26
"294","italiani",26,2019,40.61
"295","italiani",26,2020,39.36
"296","italiani",26,2021,37.21
"297","italiani",26,2022,36.83
"298","italiani",26,2023,35.12
"299","italiani",26,2024,32.69
"300","italiani",27,2002,71.51
"301","italiani",27,2003,70.55
"302","italiani",27,2004,69.91
"303","italiani",27,2005,67.34
"304","italiani",27,2006,67.89
"305","italiani",27,2007,65.96
"306","italiani",27,2008,66.8
"307","italiani",27,2009,65
"308","italiani",27,2010,65.11
"309","italiani",27,2011,63.77
"310","italiani",27,2012,62.62
"311","italiani",27,2013,60.19
"312","italiani",27,2014,59.06
"313","italiani",27,2015,58.31
"314","italiani",27,2016,55.61
"315","italiani",27,2017,55.1
"316","italiani",27,2018,53
"317","italiani",27,2019,50.79
"318","italiani",27,2020,49.01
"319","italiani",27,2021,47.97
"320","italiani",27,2022,47.17
"321","italiani",27,2023,44.92
"322","italiani",27,2024,41.43
"323","italiani",28,2002,79.68
"324","italiani",28,2003,79.86
"325","italiani",28,2004,80.52
"326","italiani",28,2005,78.47
"327","italiani",28,2006,78.21
"328","italiani",28,2007,77.21
"329","italiani",28,2008,78.66
"330","italiani",28,2009,77.35
"331","italiani",28,2010,76.09
"332","italiani",28,2011,73.94
"333","italiani",28,2012,72.97
"334","italiani",28,2013,71.21
"335","italiani",28,2014,70.13
"336","italiani",28,2015,69.32
"337","italiani",28,2016,68.01
"338","italiani",28,2017,65.31
"339","italiani",28,2018,63.43
"340","italiani",28,2019,60.6
"341","italiani",28,2020,59.34
"342","italiani",28,2021,57.31
"343","italiani",28,2022,58.06
"344","italiani",28,2023,54.09
"345","italiani",28,2024,51.53
"346","italiani",30,2002,92.22
"347","italiani",30,2003,94.15
"348","italiani",30,2004,93.92
"349","italiani",30,2005,93.33
"350","italiani",30,2006,93.14
"351","italiani",30,2007,94.38
"352","italiani",30,2008,94.63
"353","italiani",30,2009,94.49
"354","italiani",30,2010,94.81
"355","italiani",30,2011,93.58
"356","italiani",30,2012,92.39
"357","italiani",30,2013,90.1
"358","italiani",30,2014,90.63
"359","italiani",30,2015,88.81
"360","italiani",30,2016,87.2
"361","italiani",30,2017,85.57
"362","italiani",30,2018,84.39
"363","italiani",30,2019,79.54
"364","italiani",30,2020,79.45
"365","italiani",30,2021,80.11
"366","italiani",30,2022,80.08
"367","italiani",30,2023,75.72
"368","italiani",30,2024,73.35
"369","italiani",29,2002,87.94
"370","italiani",29,2003,87.06
"371","italiani",29,2004,88.3
"372","italiani",29,2005,86.34
"373","italiani",29,2006,85.89
"374","italiani",29,2007,86.67
"375","italiani",29,2008,88.06
"376","italiani",29,2009,86.11
"377","italiani",29,2010,87.58
"378","italiani",29,2011,84.87
"379","italiani",29,2012,83.08
"380","italiani",29,2013,81.26
"381","italiani",29,2014,82.14
"382","italiani",29,2015,78.95
"383","italiani",29,2016,78.86
"384","italiani",29,2017,76.82
"385","italiani",29,2018,72.69
"386","italiani",29,2019,71.47
"387","italiani",29,2020,69.98
"388","italiani",29,2021,68.42
"389","italiani",29,2022,69.22
"390","italiani",29,2023,67.21
"391","italiani",29,2024,62.99
"392","italiani",31,2002,92.27
"393","italiani",31,2003,94.93
"394","italiani",31,2004,97.16
"395","italiani",31,2005,94.53
"396","italiani",31,2006,96.98
"397","italiani",31,2007,97.85
"398","italiani",31,2008,99.4
"399","italiani",31,2009,97.79
"400","italiani",31,2010,98.74
"401","italiani",31,2011,96.71
"402","italiani",31,2012,97.25
"403","italiani",31,2013,95.11
"404","italiani",31,2014,94.28
"405","italiani",31,2015,95.08
"406","italiani",31,2016,94.48
"407","italiani",31,2017,91.81
"408","italiani",31,2018,89.43
"409","italiani",31,2019,88.82
"410","italiani",31,2020,87.46
"411","italiani",31,2021,87.19
"412","italiani",31,2022,87.25
"413","italiani",31,2023,84.38
"414","italiani",31,2024,82.02
"415","italiani",32,2002,89.07
"416","italiani",32,2003,92.77
"417","italiani",32,2004,95.05
"418","italiani",32,2005,94.59
"419","italiani",32,2006,95.65
"420","italiani",32,2007,98.16
"421","italiani",32,2008,101.43
"422","italiani",32,2009,100.46
"423","italiani",32,2010,99.71
"424","italiani",32,2011,98.49
"425","italiani",32,2012,97.32
"426","italiani",32,2013,96.3
"427","italiani",32,2014,97.86
"428","italiani",32,2015,96.66
"429","italiani",32,2016,96.22
"430","italiani",32,2017,94.71
"431","italiani",32,2018,91.97
"432","italiani",32,2019,88.88
"433","italiani",32,2020,91.21
"434","italiani",32,2021,90.3
"435","italiani",32,2022,92.28
"436","italiani",32,2023,88.5
"437","italiani",32,2024,85.82
"438","italiani",33,2002,81.81
"439","italiani",33,2003,86.24
"440","italiani",33,2004,89.12
"441","italiani",33,2005,89.16
"442","italiani",33,2006,92.86
"443","italiani",33,2007,94.15
"444","italiani",33,2008,97.33
"445","italiani",33,2009,96.37
"446","italiani",33,2010,96.71
"447","italiani",33,2011,95.63
"448","italiani",33,2012,95.36
"449","italiani",33,2013,93.85
"450","italiani",33,2014,95.83
"451","italiani",33,2015,94.93
"452","italiani",33,2016,94.95
"453","italiani",33,2017,92.53
"454","italiani",33,2018,91.36
"455","italiani",33,2019,89.55
"456","italiani",33,2020,87.95
"457","italiani",33,2021,92.8
"458","italiani",33,2022,90.86
"459","italiani",33,2023,89.1
"460","italiani",33,2024,87.47
"461","italiani",34,2002,74.69
"462","italiani",34,2003,77.52
"463","italiani",34,2004,81.22
"464","italiani",34,2005,81.77
"465","italiani",34,2006,85.87
"466","italiani",34,2007,88.33
"467","italiani",34,2008,90.31
"468","italiani",34,2009,91.64
"469","italiani",34,2010,92.83
"470","italiani",34,2011,92.38
"471","italiani",34,2012,90.94
"472","italiani",34,2013,89.6
"473","italiani",34,2014,89.64
"474","italiani",34,2015,90.78
"475","italiani",34,2016,91.44
"476","italiani",34,2017,89.72
"477","italiani",34,2018,90.01
"478","italiani",34,2019,87.01
"479","italiani",34,2020,86.19
"480","italiani",34,2021,88.79
"481","italiani",34,2022,89.69
"482","italiani",34,2023,87.22
"483","italiani",34,2024,85.63
"484","italiani",35,2002,65.14
"485","italiani",35,2003,69
"486","italiani",35,2004,70.82
"487","italiani",35,2005,73.4
"488","italiani",35,2006,76.41
"489","italiani",35,2007,78.76
"490","italiani",35,2008,82.79
"491","italiani",35,2009,83.31
"492","italiani",35,2010,84.69
"493","italiani",35,2011,84.03
"494","italiani",35,2012,82.94
"495","italiani",35,2013,82.02
"496","italiani",35,2014,84.28
"497","italiani",35,2015,83.8
"498","italiani",35,2016,84.42
"499","italiani",35,2017,84.39
"500","italiani",35,2018,82.51
"501","italiani",35,2019,81.48
"502","italiani",35,2020,81.92
"503","italiani",35,2021,85.03
"504","italiani",35,2022,83.09
"505","italiani",35,2023,83.08
"506","italiani",35,2024,81.94
"507","italiani",36,2002,54.15
"508","italiani",36,2003,57.62
"509","italiani",36,2004,61.69
"510","italiani",36,2005,61.07
"511","italiani",36,2006,65.13
"512","italiani",36,2007,68.13
"513","italiani",36,2008,72.07
"514","italiani",36,2009,72.74
"515","italiani",36,2010,74.34
"516","italiani",36,2011,74.9
"517","italiani",36,2012,73.6
"518","italiani",36,2013,72.92
"519","italiani",36,2014,73.04
"520","italiani",36,2015,74.93
"521","italiani",36,2016,74.69
"522","italiani",36,2017,74.93
"523","italiani",36,2018,74.07
"524","italiani",36,2019,73.1
"525","italiani",36,2020,71.82
"526","italiani",36,2021,77.19
"527","italiani",36,2022,74.45
"528","italiani",36,2023,73.8
"529","italiani",36,2024,75.18
"530","italiani",37,2002,43.25
"531","italiani",37,2003,46.61
"532","italiani",37,2004,48.82
"533","italiani",37,2005,50.47
"534","italiani",37,2006,52.35
"535","italiani",37,2007,54.79
"536","italiani",37,2008,58.85
"537","italiani",37,2009,60.28
"538","italiani",37,2010,61.76
"539","italiani",37,2011,62.15
"540","italiani",37,2012,63.13
"541","italiani",37,2013,62.25
"542","italiani",37,2014,62.17
"543","italiani",37,2015,63.1
"544","italiani",37,2016,63.54
"545","italiani",37,2017,63.79
"546","italiani",37,2018,62.58
"547","italiani",37,2019,62.7
"548","italiani",37,2020,61.2
"549","italiani",37,2021,64.61
"550","italiani",37,2022,64.22
"551","italiani",37,2023,63.79
"552","italiani",37,2024,63.38
"553","italiani",38,2002,32.84
"554","italiani",38,2003,35.56
"555","italiani",38,2004,37.62
"556","italiani",38,2005,38.67
"557","italiani",38,2006,41.19
"558","italiani",38,2007,43.75
"559","italiani",38,2008,46.9
"560","italiani",38,2009,47.68
"561","italiani",38,2010,49.97
"562","italiani",38,2011,50.18
"563","italiani",38,2012,50.64
"564","italiani",38,2013,50.59
"565","italiani",38,2014,50.71
"566","italiani",38,2015,52.01
"567","italiani",38,2016,52.04
"568","italiani",38,2017,52.28
"569","italiani",38,2018,50.73
"570","italiani",38,2019,50.42
"571","italiani",38,2020,50.73
"572","italiani",38,2021,53.79
"573","italiani",38,2022,54
"574","italiani",38,2023,52.72
"575","italiani",38,2024,51.94
"576","italiani",39,2002,24.29
"577","italiani",39,2003,26.39
"578","italiani",39,2004,28.77
"579","italiani",39,2005,29.75
"580","italiani",39,2006,31.43
"581","italiani",39,2007,33.14
"582","italiani",39,2008,35.43
"583","italiani",39,2009,36.74
"584","italiani",39,2010,38.3
"585","italiani",39,2011,38.74
"586","italiani",39,2012,39.79
"587","italiani",39,2013,39.97
"588","italiani",39,2014,40.51
"589","italiani",39,2015,40.89
"590","italiani",39,2016,40.95
"591","italiani",39,2017,41.59
"592","italiani",39,2018,41.07
"593","italiani",39,2019,40.42
"594","italiani",39,2020,40.52
"595","italiani",39,2021,43.04
"596","italiani",39,2022,42.69
"597","italiani",39,2023,42.5
"598","italiani",39,2024,42.17
"599","italiani",40,2002,17.29
"600","italiani",40,2003,18.67
"601","italiani",40,2004,20.1
"602","italiani",40,2005,21.11
"603","italiani",40,2006,22.42
"604","italiani",40,2007,24.09
"605","italiani",40,2008,25.55
"606","italiani",40,2009,26.79
"607","italiani",40,2010,27.52
"608","italiani",40,2011,28.84
"609","italiani",40,2012,29.75
"610","italiani",40,2013,29.93
"611","italiani",40,2014,30.15
"612","italiani",40,2015,31.08
"613","italiani",40,2016,31.57
"614","italiani",40,2017,31.99
"615","italiani",40,2018,31.29
"616","italiani",40,2019,30.65
"617","italiani",40,2020,30.77
"618","italiani",40,2021,32.03
"619","italiani",40,2022,31.73
"620","italiani",40,2023,31.12
"621","italiani",40,2024,32.18
"622","italiani",41,2002,10.96
"623","italiani",41,2003,12.06
"624","italiani",41,2004,12.82
"625","italiani",41,2005,13.84
"626","italiani",41,2006,14.62
"627","italiani",41,2007,15.78
"628","italiani",41,2008,17.13
"629","italiani",41,2009,17.95
"630","italiani",41,2010,19.13
"631","italiani",41,2011,19.57
"632","italiani",41,2012,20.19
"633","italiani",41,2013,20.68
"634","italiani",41,2014,20.99
"635","italiani",41,2015,21.29
"636","italiani",41,2016,21.67
"637","italiani",41,2017,21.77
"638","italiani",41,2018,22.32
"639","italiani",41,2019,21.78
"640","italiani",41,2020,21.32
"641","italiani",41,2021,22.28
"642","italiani",41,2022,22.61
"643","italiani",41,2023,23.17
"644","italiani",41,2024,22.81
"645","italiani",42,2002,6.57
"646","italiani",42,2003,7.12
"647","italiani",42,2004,7.82
"648","italiani",42,2005,8.15
"649","italiani",42,2006,8.81
"650","italiani",42,2007,9.56
"651","italiani",42,2008,10.34
"652","italiani",42,2009,11.34
"653","italiani",42,2010,11.65
"654","italiani",42,2011,12.27
"655","italiani",42,2012,12.55
"656","italiani",42,2013,13.4
"657","italiani",42,2014,13.42
"658","italiani",42,2015,13.99
"659","italiani",42,2016,14.48
"660","italiani",42,2017,14.33
"661","italiani",42,2018,14.49
"662","italiani",42,2019,14.29
"663","italiani",42,2020,14.16
"664","italiani",42,2021,14.26
"665","italiani",42,2022,15.09
"666","italiani",42,2023,14.52
"667","italiani",42,2024,14.83
"668","italiani",43,2002,3.72
"669","italiani",43,2003,4
"670","italiani",43,2004,4.16
"671","italiani",43,2005,4.72
"672","italiani",43,2006,5.1
"673","italiani",43,2007,5.4
"674","italiani",43,2008,5.64
"675","italiani",43,2009,6.13
"676","italiani",43,2010,6.56
"677","italiani",43,2011,7.03
"678","italiani",43,2012,7.58
"679","italiani",43,2013,7.89
"680","italiani",43,2014,8
"681","italiani",43,2015,8.29
"682","italiani",43,2016,8.85
"683","italiani",43,2017,8.97
"684","italiani",43,2018,8.96
"685","italiani",43,2019,8.58
"686","italiani",43,2020,8.81
"687","italiani",43,2021,8.46
"688","italiani",43,2022,8.75
"689","italiani",43,2023,9.03
"690","italiani",43,2024,9.09
"691","italiani",44,2002,1.84
"692","italiani",44,2003,2.05
"693","italiani",44,2004,2.1
"694","italiani",44,2005,2.31
"695","italiani",44,2006,2.56
"696","italiani",44,2007,2.68
"697","italiani",44,2008,3.09
"698","italiani",44,2009,3.37
"699","italiani",44,2010,3.65
"700","italiani",44,2011,3.8
"701","italiani",44,2012,4.22
"702","italiani",44,2013,4.33
"703","italiani",44,2014,4.78
"704","italiani",44,2015,4.76
"705","italiani",44,2016,4.8
"706","italiani",44,2017,5.22
"707","italiani",44,2018,5.4
"708","italiani",44,2019,5.41
"709","italiani",44,2020,5.06
"710","italiani",44,2021,5.13
"711","italiani",44,2022,5.61
"712","italiani",44,2023,5.59
"713","italiani",44,2024,5.62
"714","italiani",45,2002,0.93
"715","italiani",45,2003,0.96
"716","italiani",45,2004,0.97
"717","italiani",45,2005,1.03
"718","italiani",45,2006,1.18
"719","italiani",45,2007,1.33
"720","italiani",45,2008,1.6
"721","italiani",45,2009,1.72
"722","italiani",45,2010,1.9
"723","italiani",45,2011,2.18
"724","italiani",45,2012,2.34
"725","italiani",45,2013,2.39
"726","italiani",45,2014,2.58
"727","italiani",45,2015,2.69
"728","italiani",45,2016,2.98
"729","italiani",45,2017,3.29
"730","italiani",45,2018,3.09
"731","italiani",45,2019,3.26
"732","italiani",45,2020,3.03
"733","italiani",45,2021,2.9
"734","italiani",45,2022,3.58
"735","italiani",45,2023,3.4
"736","italiani",45,2024,3.49
"737","italiani",46,2002,0.32
"738","italiani",46,2003,0.51
"739","italiani",46,2004,0.48
"740","italiani",46,2005,0.5
"741","italiani",46,2006,0.57
"742","italiani",46,2007,0.68
"743","italiani",46,2008,0.76
"744","italiani",46,2009,0.86
"745","italiani",46,2010,0.97
"746","italiani",46,2011,1.07
"747","italiani",46,2012,1.35
"748","italiani",46,2013,1.38
"749","italiani",46,2014,1.55
"750","italiani",46,2015,1.56
"751","italiani",46,2016,1.75
"752","italiani",46,2017,1.79
"753","italiani",46,2018,2.1
"754","italiani",46,2019,1.97
"755","italiani",46,2020,1.94
"756","italiani",46,2021,1.77
"757","italiani",46,2022,2.2
"758","italiani",46,2023,2.3
"759","italiani",46,2024,2.43
"760","italiani",50,2002,0.17
"761","italiani",50,2003,0.21
"762","italiani",50,2004,0.25
"763","italiani",50,2005,0.26
"764","italiani",50,2006,0.22
"765","italiani",50,2007,0.35
"766","italiani",50,2008,0.24
"767","italiani",50,2009,0.39
"768","italiani",50,2010,0.43
"769","italiani",50,2011,0.47
"770","italiani",50,2012,0.58
"771","italiani",50,2013,0.67
"772","italiani",50,2014,0.69
"773","italiani",50,2015,0.62
"774","italiani",50,2016,0.71
"775","italiani",50,2017,0.79
"776","italiani",50,2018,0.84
"777","italiani",50,2019,0.93
"778","italiani",50,2020,0.88
"779","italiani",50,2021,0.85
"780","italiani",50,2022,1.04
"781","italiani",50,2023,1.08
"782","italiani",50,2024,1.16
"783","italiani",47,2002,0.14
"784","italiani",47,2003,0.21
"785","italiani",47,2004,0.22
"786","italiani",47,2005,0.23
"787","italiani",47,2006,0.25
"788","italiani",47,2007,0.34
"789","italiani",47,2008,0.38
"790","italiani",47,2009,0.48
"791","italiani",47,2010,0.55
"792","italiani",47,2011,0.66
"793","italiani",47,2012,0.77
"794","italiani",47,2013,0.86
"795","italiani",47,2014,0.9
"796","italiani",47,2015,0.99
"797","italiani",47,2016,0.97
"798","italiani",47,2017,1.08
"799","italiani",47,2018,1.18
"800","italiani",47,2019,1.14
"801","italiani",47,2020,1.13
"802","italiani",47,2021,1.05
"803","italiani",47,2022,1.44
"804","italiani",47,2023,1.43
"805","italiani",47,2024,1.54
"806","italiani",48,2002,0.12
"807","italiani",48,2003,0.14
"808","italiani",48,2004,0.15
"809","italiani",48,2005,0.11
"810","italiani",48,2006,0.15
"811","italiani",48,2007,0.16
"812","italiani",48,2008,0.22
"813","italiani",48,2009,0.36
"814","italiani",48,2010,0.3
"815","italiani",48,2011,0.39
"816","italiani",48,2012,0.41
"817","italiani",48,2013,0.45
"818","italiani",48,2014,0.46
"819","italiani",48,2015,0.43
"820","italiani",48,2016,0.62
"821","italiani",48,2017,0.67
"822","italiani",48,2018,0.62
"823","italiani",48,2019,0.76
"824","italiani",48,2020,0.77
"825","italiani",48,2021,0.62
"826","italiani",48,2022,0.9
"827","italiani",48,2023,0.99
"828","italiani",48,2024,0.87
"829","italiani",49,2002,0.07
"830","italiani",49,2003,0.12
"831","italiani",49,2004,0.08
"832","italiani",49,2005,0.11
"833","italiani",49,2006,0.09
"834","italiani",49,2007,0.17
"835","italiani",49,2008,0.15
"836","italiani",49,2009,0.2
"837","italiani",49,2010,0.19
"838","italiani",49,2011,0.25
"839","italiani",49,2012,0.29
"840","italiani",49,2013,0.32
"841","italiani",49,2014,0.35
"842","italiani",49,2015,0.35
"843","italiani",49,2016,0.37
"844","italiani",49,2017,0.41
"845","italiani",49,2018,0.43
"846","italiani",49,2019,0.46
"847","italiani",49,2020,0.43
"848","italiani",49,2021,0.42
"849","italiani",49,2022,0.63
"850","italiani",49,2023,0.59
"851","italiani",49,2024,0.68
"852","stranieri",14,2002,0.16
"853","stranieri",14,2003,0
"854","stranieri",14,2004,0.58
"855","stranieri",14,2005,0.29
"856","stranieri",14,2006,0
"857","stranieri",14,2007,0.07
"858","stranieri",14,2008,0.06
"859","stranieri",14,2009,0.39
"860","stranieri",14,2010,0
"861","stranieri",14,2011,0.24
"862","stranieri",14,2012,0.14
"863","stranieri",14,2013,0.17
"864","stranieri",14,2014,0.04
"865","stranieri",14,2015,0.14
"866","stranieri",14,2016,0.15
"867","stranieri",14,2017,0.05
"868","stranieri",14,2018,0.1
"869","stranieri",14,2019,0.09
"870","stranieri",14,2020,0.04
"871","stranieri",14,2021,0.04
"872","stranieri",14,2022,0.16
"873","stranieri",14,2023,0.04
"874","stranieri",14,2024,0
"875","stranieri",15,2002,1.02
"876","stranieri",15,2003,1.62
"877","stranieri",15,2004,0.61
"878","stranieri",15,2005,1
"879","stranieri",15,2006,0.34
"880","stranieri",15,2007,0.51
"881","stranieri",15,2008,0.57
"882","stranieri",15,2009,0.22
"883","stranieri",15,2010,0.21
"884","stranieri",15,2011,0.49
"885","stranieri",15,2012,0.61
"886","stranieri",15,2013,0.67
"887","stranieri",15,2014,0.54
"888","stranieri",15,2015,0.4
"889","stranieri",15,2016,0.24
"890","stranieri",15,2017,0.41
"891","stranieri",15,2018,0.61
"892","stranieri",15,2019,0.43
"893","stranieri",15,2020,0.13
"894","stranieri",15,2021,0.17
"895","stranieri",15,2022,0.29
"896","stranieri",15,2023,0.16
"897","stranieri",15,2024,0.19
"898","stranieri",16,2002,9.6
"899","stranieri",16,2003,10.25
"900","stranieri",16,2004,14.91
"901","stranieri",16,2005,9.1
"902","stranieri",16,2006,8.95
"903","stranieri",16,2007,6.36
"904","stranieri",16,2008,8.37
"905","stranieri",16,2009,8.47
"906","stranieri",16,2010,6.86
"907","stranieri",16,2011,7.22
"908","stranieri",16,2012,5.51
"909","stranieri",16,2013,5.82
"910","stranieri",16,2014,5.47
"911","stranieri",16,2015,4.75
"912","stranieri",16,2016,4.92
"913","stranieri",16,2017,4.59
"914","stranieri",16,2018,3.42
"915","stranieri",16,2019,3.45
"916","stranieri",16,2020,2.68
"917","stranieri",16,2021,1.69
"918","stranieri",16,2022,2.41
"919","stranieri",16,2023,1.45
"920","stranieri",16,2024,1.38
"921","stranieri",17,2002,37.05
"922","stranieri",17,2003,30.5
"923","stranieri",17,2004,41.08
"924","stranieri",17,2005,30.1
"925","stranieri",17,2006,26.47
"926","stranieri",17,2007,22.44
"927","stranieri",17,2008,21.73
"928","stranieri",17,2009,21.59
"929","stranieri",17,2010,15.47
"930","stranieri",17,2011,14.13
"931","stranieri",17,2012,12.82
"932","stranieri",17,2013,12.44
"933","stranieri",17,2014,11.68
"934","stranieri",17,2015,10.28
"935","stranieri",17,2016,10.3
"936","stranieri",17,2017,10.21
"937","stranieri",17,2018,7.66
"938","stranieri",17,2019,7.24
"939","stranieri",17,2020,6.02
"940","stranieri",17,2021,4.44
"941","stranieri",17,2022,4.28
"942","stranieri",17,2023,5.19
"943","stranieri",17,2024,4.24
"944","stranieri",18,2002,81.04
"945","stranieri",18,2003,73.23
"946","stranieri",18,2004,84
"947","stranieri",18,2005,69.37
"948","stranieri",18,2006,59.58
"949","stranieri",18,2007,53.14
"950","stranieri",18,2008,51.1
"951","stranieri",18,2009,41.99
"952","stranieri",18,2010,36.08
"953","stranieri",18,2011,28.48
"954","stranieri",18,2012,28.47
"955","stranieri",18,2013,28.68
"956","stranieri",18,2014,27.25
"957","stranieri",18,2015,24.59
"958","stranieri",18,2016,24.07
"959","stranieri",18,2017,22.48
"960","stranieri",18,2018,21.88
"961","stranieri",18,2019,18.74
"962","stranieri",18,2020,15.27
"963","stranieri",18,2021,12.24
"964","stranieri",18,2022,10.79
"965","stranieri",18,2023,12.29
"966","stranieri",18,2024,9.68
"967","stranieri",19,2002,133.63
"968","stranieri",19,2003,121.06
"969","stranieri",19,2004,153.32
"970","stranieri",19,2005,120.91
"971","stranieri",19,2006,118.01
"972","stranieri",19,2007,105.46
"973","stranieri",19,2008,101.87
"974","stranieri",19,2009,91.1
"975","stranieri",19,2010,80.05
"976","stranieri",19,2011,68.25
"977","stranieri",19,2012,67.49
"978","stranieri",19,2013,62.57
"979","stranieri",19,2014,54.68
"980","stranieri",19,2015,54.79
"981","stranieri",19,2016,52.99
"982","stranieri",19,2017,52.65
"983","stranieri",19,2018,49.74
"984","stranieri",19,2019,44.36
"985","stranieri",19,2020,36.6
"986","stranieri",19,2021,28.69
"987","stranieri",19,2022,29.08
"988","stranieri",19,2023,28.73
"989","stranieri",19,2024,26.58
"990","stranieri",20,2002,171.55
"991","stranieri",20,2003,155.93
"992","stranieri",20,2004,203.04
"993","stranieri",20,2005,187.43
"994","stranieri",20,2006,179.4
"995","stranieri",20,2007,159.93
"996","stranieri",20,2008,142.07
"997","stranieri",20,2009,122.45
"998","stranieri",20,2010,107.57
"999","stranieri",20,2011,99.06
"1000","stranieri",20,2012,92.25
"1001","stranieri",20,2013,82.75
"1002","stranieri",20,2014,81.09
"1003","stranieri",20,2015,79.23
"1004","stranieri",20,2016,77.18
"1005","stranieri",20,2017,72.86
"1006","stranieri",20,2018,70.05
"1007","stranieri",20,2019,67.74
"1008","stranieri",20,2020,60.3
"1009","stranieri",20,2021,49.65
"1010","stranieri",20,2022,49.72
"1011","stranieri",20,2023,46.62
"1012","stranieri",20,2024,46.27
"1013","stranieri",21,2002,192.59
"1014","stranieri",21,2003,179
"1015","stranieri",21,2004,219.41
"1016","stranieri",21,2005,210.01
"1017","stranieri",21,2006,214.32
"1018","stranieri",21,2007,191.65
"1019","stranieri",21,2008,165.75
"1020","stranieri",21,2009,146.69
"1021","stranieri",21,2010,131.44
"1022","stranieri",21,2011,120.78
"1023","stranieri",21,2012,113.87
"1024","stranieri",21,2013,109.17
"1025","stranieri",21,2014,98.75
"1026","stranieri",21,2015,90.42
"1027","stranieri",21,2016,94.1
"1028","stranieri",21,2017,92.34
"1029","stranieri",21,2018,86.4
"1030","stranieri",21,2019,85.11
"1031","stranieri",21,2020,73.84
"1032","stranieri",21,2021,65.3
"1033","stranieri",21,2022,70.22
"1034","stranieri",21,2023,62.63
"1035","stranieri",21,2024,66.14
"1036","stranieri",22,2002,192.58
"1037","stranieri",22,2003,175.28
"1038","stranieri",22,2004,211.8
"1039","stranieri",22,2005,213.03
"1040","stranieri",22,2006,225.91
"1041","stranieri",22,2007,204.84
"1042","stranieri",22,2008,168.34
"1043","stranieri",22,2009,161.86
"1044","stranieri",22,2010,144.9
"1045","stranieri",22,2011,135.96
"1046","stranieri",22,2012,131.74
"1047","stranieri",22,2013,117.48
"1048","stranieri",22,2014,111.57
"1049","stranieri",22,2015,107.14
"1050","stranieri",22,2016,106.31
"1051","stranieri",22,2017,107.01
"1052","stranieri",22,2018,104.56
"1053","stranieri",22,2019,100.11
"1054","stranieri",22,2020,89.78
"1055","stranieri",22,2021,81.45
"1056","stranieri",22,2022,83.38
"1057","stranieri",22,2023,80.43
"1058","stranieri",22,2024,79.36
"1059","stranieri",23,2002,197.17
"1060","stranieri",23,2003,165.15
"1061","stranieri",23,2004,204.94
"1062","stranieri",23,2005,198.85
"1063","stranieri",23,2006,210.88
"1064","stranieri",23,2007,197.55
"1065","stranieri",23,2008,176.18
"1066","stranieri",23,2009,159.45
"1067","stranieri",23,2010,148.62
"1068","stranieri",23,2011,136.23
"1069","stranieri",23,2012,131.61
"1070","stranieri",23,2013,126.45
"1071","stranieri",23,2014,119.46
"1072","stranieri",23,2015,120.96
"1073","stranieri",23,2016,116.69
"1074","stranieri",23,2017,117.51
"1075","stranieri",23,2018,113.73
"1076","stranieri",23,2019,109.98
"1077","stranieri",23,2020,97.59
"1078","stranieri",23,2021,95.69
"1079","stranieri",23,2022,100.47
"1080","stranieri",23,2023,95.28
"1081","stranieri",23,2024,93.08
"1082","stranieri",24,2002,183.63
"1083","stranieri",24,2003,160.94
"1084","stranieri",24,2004,181.46
"1085","stranieri",24,2005,184.69
"1086","stranieri",24,2006,201.91
"1087","stranieri",24,2007,191.31
"1088","stranieri",24,2008,174.95
"1089","stranieri",24,2009,161.52
"1090","stranieri",24,2010,153.04
"1091","stranieri",24,2011,143.31
"1092","stranieri",24,2012,138.18
"1093","stranieri",24,2013,128.75
"1094","stranieri",24,2014,132.51
"1095","stranieri",24,2015,125.36
"1096","stranieri",24,2016,125.91
"1097","stranieri",24,2017,125.71
"1098","stranieri",24,2018,122.94
"1099","stranieri",24,2019,117.93
"1100","stranieri",24,2020,111.38
"1101","stranieri",24,2021,105.29
"1102","stranieri",24,2022,112.42
"1103","stranieri",24,2023,103.04
"1104","stranieri",24,2024,105.67
"1105","stranieri",25,2002,169.83
"1106","stranieri",25,2003,144.85
"1107","stranieri",25,2004,169.75
"1108","stranieri",25,2005,170.2
"1109","stranieri",25,2006,185.92
"1110","stranieri",25,2007,180.18
"1111","stranieri",25,2008,167.77
"1112","stranieri",25,2009,168.27
"1113","stranieri",25,2010,149.93
"1114","stranieri",25,2011,138.76
"1115","stranieri",25,2012,140.43
"1116","stranieri",25,2013,131.49
"1117","stranieri",25,2014,127.48
"1118","stranieri",25,2015,126.53
"1119","stranieri",25,2016,127.76
"1120","stranieri",25,2017,132
"1121","stranieri",25,2018,126.66
"1122","stranieri",25,2019,127.72
"1123","stranieri",25,2020,116.99
"1124","stranieri",25,2021,111.74
"1125","stranieri",25,2022,118.95
"1126","stranieri",25,2023,112.17
"1127","stranieri",25,2024,111.04
"1128","stranieri",26,2002,155.05
"1129","stranieri",26,2003,137.68
"1130","stranieri",26,2004,154.32
"1131","stranieri",26,2005,155.24
"1132","stranieri",26,2006,164.07
"1133","stranieri",26,2007,169.26
"1134","stranieri",26,2008,159.05
"1135","stranieri",26,2009,153.35
"1136","stranieri",26,2010,149.9
"1137","stranieri",26,2011,139.02
"1138","stranieri",26,2012,132.24
"1139","stranieri",26,2013,132.22
"1140","stranieri",26,2014,128.17
"1141","stranieri",26,2015,125.12
"1142","stranieri",26,2016,131.24
"1143","stranieri",26,2017,131.07
"1144","stranieri",26,2018,128.51
"1145","stranieri",26,2019,125.93
"1146","stranieri",26,2020,118.94
"1147","stranieri",26,2021,118.69
"1148","stranieri",26,2022,117
"1149","stranieri",26,2023,120.2
"1150","stranieri",26,2024,115.65
"1151","stranieri",27,2002,142.65
"1152","stranieri",27,2003,127.35
"1153","stranieri",27,2004,140.09
"1154","stranieri",27,2005,137.81
"1155","stranieri",27,2006,153.33
"1156","stranieri",27,2007,153.61
"1157","stranieri",27,2008,150.7
"1158","stranieri",27,2009,145.59
"1159","stranieri",27,2010,140.95
"1160","stranieri",27,2011,134.89
"1161","stranieri",27,2012,132.93
"1162","stranieri",27,2013,124.29
"1163","stranieri",27,2014,131.14
"1164","stranieri",27,2015,123.77
"1165","stranieri",27,2016,124.05
"1166","stranieri",27,2017,128.29
"1167","stranieri",27,2018,124.38
"1168","stranieri",27,2019,125.76
"1169","stranieri",27,2020,120.88
"1170","stranieri",27,2021,120.25
"1171","stranieri",27,2022,117.65
"1172","stranieri",27,2023,118.98
"1173","stranieri",27,2024,113.29
"1174","stranieri",28,2002,130.4
"1175","stranieri",28,2003,109.73
"1176","stranieri",28,2004,125.2
"1177","stranieri",28,2005,120.08
"1178","stranieri",28,2006,130.38
"1179","stranieri",28,2007,130.48
"1180","stranieri",28,2008,132.92
"1181","stranieri",28,2009,131.86
"1182","stranieri",28,2010,131.12
"1183","stranieri",28,2011,128.51
"1184","stranieri",28,2012,126.61
"1185","stranieri",28,2013,118.83
"1186","stranieri",28,2014,119.1
"1187","stranieri",28,2015,118.51
"1188","stranieri",28,2016,120.75
"1189","stranieri",28,2017,121.2
"1190","stranieri",28,2018,122.73
"1191","stranieri",28,2019,120.42
"1192","stranieri",28,2020,118.88
"1193","stranieri",28,2021,118.52
"1194","stranieri",28,2022,117.85
"1195","stranieri",28,2023,115.91
"1196","stranieri",28,2024,117.27
"1197","stranieri",30,2002,117.63
"1198","stranieri",30,2003,98.08
"1199","stranieri",30,2004,102.4
"1200","stranieri",30,2005,98.69
"1201","stranieri",30,2006,102.57
"1202","stranieri",30,2007,106.1
"1203","stranieri",30,2008,107.52
"1204","stranieri",30,2009,112.55
"1205","stranieri",30,2010,112.34
"1206","stranieri",30,2011,110.48
"1207","stranieri",30,2012,114.25
"1208","stranieri",30,2013,109.81
"1209","stranieri",30,2014,108.15
"1210","stranieri",30,2015,106.78
"1211","stranieri",30,2016,106.39
"1212","stranieri",30,2017,110.79
"1213","stranieri",30,2018,108.52
"1214","stranieri",30,2019,106.75
"1215","stranieri",30,2020,108.1
"1216","stranieri",30,2021,108.98
"1217","stranieri",30,2022,107.41
"1218","stranieri",30,2023,104.16
"1219","stranieri",30,2024,105.1
"1220","stranieri",29,2002,124.13
"1221","stranieri",29,2003,102.9
"1222","stranieri",29,2004,110.3
"1223","stranieri",29,2005,110.35
"1224","stranieri",29,2006,116.37
"1225","stranieri",29,2007,118.7
"1226","stranieri",29,2008,122.77
"1227","stranieri",29,2009,123.17
"1228","stranieri",29,2010,120.33
"1229","stranieri",29,2011,119.9
"1230","stranieri",29,2012,117.3
"1231","stranieri",29,2013,117.24
"1232","stranieri",29,2014,113.22
"1233","stranieri",29,2015,110.17
"1234","stranieri",29,2016,115.04
"1235","stranieri",29,2017,116.75
"1236","stranieri",29,2018,112.25
"1237","stranieri",29,2019,116.58
"1238","stranieri",29,2020,110.16
"1239","stranieri",29,2021,114.35
"1240","stranieri",29,2022,112.42
"1241","stranieri",29,2023,111.57
"1242","stranieri",29,2024,109.81
"1243","stranieri",31,2002,111.79
"1244","stranieri",31,2003,89.03
"1245","stranieri",31,2004,97.05
"1246","stranieri",31,2005,87.52
"1247","stranieri",31,2006,95.02
"1248","stranieri",31,2007,93.51
"1249","stranieri",31,2008,97.99
"1250","stranieri",31,2009,99.46
"1251","stranieri",31,2010,103.37
"1252","stranieri",31,2011,103.33
"1253","stranieri",31,2012,102.95
"1254","stranieri",31,2013,101.96
"1255","stranieri",31,2014,100.52
"1256","stranieri",31,2015,100.9
"1257","stranieri",31,2016,102.86
"1258","stranieri",31,2017,100.81
"1259","stranieri",31,2018,102.23
"1260","stranieri",31,2019,100.24
"1261","stranieri",31,2020,100.73
"1262","stranieri",31,2021,101.32
"1263","stranieri",31,2022,100.56
"1264","stranieri",31,2023,100.86
"1265","stranieri",31,2024,103.14
"1266","stranieri",32,2002,99.96
"1267","stranieri",32,2003,89.9
"1268","stranieri",32,2004,91.79
"1269","stranieri",32,2005,84.66
"1270","stranieri",32,2006,87.41
"1271","stranieri",32,2007,86.82
"1272","stranieri",32,2008,88.46
"1273","stranieri",32,2009,87.98
"1274","stranieri",32,2010,94.03
"1275","stranieri",32,2011,93.4
"1276","stranieri",32,2012,95.81
"1277","stranieri",32,2013,93.22
"1278","stranieri",32,2014,93.76
"1279","stranieri",32,2015,89.42
"1280","stranieri",32,2016,93.35
"1281","stranieri",32,2017,93.64
"1282","stranieri",32,2018,93.79
"1283","stranieri",32,2019,94.24
"1284","stranieri",32,2020,90.5
"1285","stranieri",32,2021,93.16
"1286","stranieri",32,2022,91.04
"1287","stranieri",32,2023,91
"1288","stranieri",32,2024,93.1
"1289","stranieri",33,2002,95.45
"1290","stranieri",33,2003,82.31
"1291","stranieri",33,2004,91.08
"1292","stranieri",33,2005,81.42
"1293","stranieri",33,2006,81.84
"1294","stranieri",33,2007,80.41
"1295","stranieri",33,2008,79.98
"1296","stranieri",33,2009,82.28
"1297","stranieri",33,2010,83.97
"1298","stranieri",33,2011,86.93
"1299","stranieri",33,2012,85.83
"1300","stranieri",33,2013,84.84
"1301","stranieri",33,2014,84.55
"1302","stranieri",33,2015,84.7
"1303","stranieri",33,2016,87.82
"1304","stranieri",33,2017,87.29
"1305","stranieri",33,2018,87.67
"1306","stranieri",33,2019,82.51
"1307","stranieri",33,2020,85.42
"1308","stranieri",33,2021,84.69
"1309","stranieri",33,2022,83.53
"1310","stranieri",33,2023,83.67
"1311","stranieri",33,2024,84.24
"1312","stranieri",34,2002,88.19
"1313","stranieri",34,2003,72.82
"1314","stranieri",34,2004,80.61
"1315","stranieri",34,2005,74.02
"1316","stranieri",34,2006,77.58
"1317","stranieri",34,2007,73.15
"1318","stranieri",34,2008,72.34
"1319","stranieri",34,2009,72.88
"1320","stranieri",34,2010,72.2
"1321","stranieri",34,2011,76.43
"1322","stranieri",34,2012,78.48
"1323","stranieri",34,2013,76.47
"1324","stranieri",34,2014,79.3
"1325","stranieri",34,2015,76.57
"1326","stranieri",34,2016,78.16
"1327","stranieri",34,2017,77.79
"1328","stranieri",34,2018,79.82
"1329","stranieri",34,2019,77.92
"1330","stranieri",34,2020,76.82
"1331","stranieri",34,2021,80.61
"1332","stranieri",34,2022,78.47
"1333","stranieri",34,2023,74.25
"1334","stranieri",34,2024,77.18
"1335","stranieri",35,2002,81.29
"1336","stranieri",35,2003,72.67
"1337","stranieri",35,2004,75.98
"1338","stranieri",35,2005,73.99
"1339","stranieri",35,2006,71.83
"1340","stranieri",35,2007,71.07
"1341","stranieri",35,2008,67.59
"1342","stranieri",35,2009,69.04
"1343","stranieri",35,2010,68.17
"1344","stranieri",35,2011,69.36
"1345","stranieri",35,2012,68.97
"1346","stranieri",35,2013,68.84
"1347","stranieri",35,2014,69.47
"1348","stranieri",35,2015,67.66
"1349","stranieri",35,2016,71.52
"1350","stranieri",35,2017,71.58
"1351","stranieri",35,2018,70.36
"1352","stranieri",35,2019,71.65
"1353","stranieri",35,2020,70.03
"1354","stranieri",35,2021,73.68
"1355","stranieri",35,2022,67.5
"1356","stranieri",35,2023,67.91
"1357","stranieri",35,2024,67.59
"1358","stranieri",36,2002,68.52
"1359","stranieri",36,2003,64.31
"1360","stranieri",36,2004,67.19
"1361","stranieri",36,2005,63.83
"1362","stranieri",36,2006,66.61
"1363","stranieri",36,2007,65.26
"1364","stranieri",36,2008,64.47
"1365","stranieri",36,2009,62.57
"1366","stranieri",36,2010,61.2
"1367","stranieri",36,2011,62.33
"1368","stranieri",36,2012,61.65
"1369","stranieri",36,2013,60.26
"1370","stranieri",36,2014,58.55
"1371","stranieri",36,2015,59.6
"1372","stranieri",36,2016,62.92
"1373","stranieri",36,2017,63.95
"1374","stranieri",36,2018,64.06
"1375","stranieri",36,2019,62.4
"1376","stranieri",36,2020,64.61
"1377","stranieri",36,2021,64.9
"1378","stranieri",36,2022,61.17
"1379","stranieri",36,2023,60.5
"1380","stranieri",36,2024,59.24
"1381","stranieri",37,2002,56.51
"1382","stranieri",37,2003,54.53
"1383","stranieri",37,2004,54.83
"1384","stranieri",37,2005,52.53
"1385","stranieri",37,2006,55.75
"1386","stranieri",37,2007,53.19
"1387","stranieri",37,2008,55.32
"1388","stranieri",37,2009,54.26
"1389","stranieri",37,2010,53.22
"1390","stranieri",37,2011,53.76
"1391","stranieri",37,2012,52.32
"1392","stranieri",37,2013,50.75
"1393","stranieri",37,2014,52.18
"1394","stranieri",37,2015,48.61
"1395","stranieri",37,2016,52.53
"1396","stranieri",37,2017,54.82
"1397","stranieri",37,2018,54.76
"1398","stranieri",37,2019,53.58
"1399","stranieri",37,2020,52.62
"1400","stranieri",37,2021,56.76
"1401","stranieri",37,2022,54.18
"1402","stranieri",37,2023,51.41
"1403","stranieri",37,2024,52.48
"1404","stranieri",38,2002,44.72
"1405","stranieri",38,2003,40.67
"1406","stranieri",38,2004,47.89
"1407","stranieri",38,2005,45.75
"1408","stranieri",38,2006,45.55
"1409","stranieri",38,2007,44.61
"1410","stranieri",38,2008,45.66
"1411","stranieri",38,2009,43.4
"1412","stranieri",38,2010,42.51
"1413","stranieri",38,2011,42.71
"1414","stranieri",38,2012,41.33
"1415","stranieri",38,2013,41.15
"1416","stranieri",38,2014,41.37
"1417","stranieri",38,2015,43.76
"1418","stranieri",38,2016,41.95
"1419","stranieri",38,2017,45.22
"1420","stranieri",38,2018,47.73
"1421","stranieri",38,2019,44.84
"1422","stranieri",38,2020,44.17
"1423","stranieri",38,2021,47.45
"1424","stranieri",38,2022,44.34
"1425","stranieri",38,2023,44.89
"1426","stranieri",38,2024,43.23
"1427","stranieri",39,2002,39.1
"1428","stranieri",39,2003,31.99
"1429","stranieri",39,2004,36.25
"1430","stranieri",39,2005,35.6
"1431","stranieri",39,2006,36.64
"1432","stranieri",39,2007,36.54
"1433","stranieri",39,2008,33.81
"1434","stranieri",39,2009,33.72
"1435","stranieri",39,2010,34.39
"1436","stranieri",39,2011,34.63
"1437","stranieri",39,2012,32.79
"1438","stranieri",39,2013,33.25
"1439","stranieri",39,2014,34.64
"1440","stranieri",39,2015,33.08
"1441","stranieri",39,2016,35.64
"1442","stranieri",39,2017,38.36
"1443","stranieri",39,2018,37.93
"1444","stranieri",39,2019,37.76
"1445","stranieri",39,2020,36.03
"1446","stranieri",39,2021,37.85
"1447","stranieri",39,2022,36.71
"1448","stranieri",39,2023,37.37
"1449","stranieri",39,2024,37.69
"1450","stranieri",40,2002,33.21
"1451","stranieri",40,2003,25.89
"1452","stranieri",40,2004,26.58
"1453","stranieri",40,2005,27.39
"1454","stranieri",40,2006,27.7
"1455","stranieri",40,2007,25.92
"1456","stranieri",40,2008,25.11
"1457","stranieri",40,2009,26.65
"1458","stranieri",40,2010,26.17
"1459","stranieri",40,2011,24.89
"1460","stranieri",40,2012,25.94
"1461","stranieri",40,2013,25.89
"1462","stranieri",40,2014,26.08
"1463","stranieri",40,2015,25.67
"1464","stranieri",40,2016,26.29
"1465","stranieri",40,2017,28.83
"1466","stranieri",40,2018,29.31
"1467","stranieri",40,2019,29.5
"1468","stranieri",40,2020,29.46
"1469","stranieri",40,2021,31.13
"1470","stranieri",40,2022,29.65
"1471","stranieri",40,2023,27.92
"1472","stranieri",40,2024,29.2
"1473","stranieri",41,2002,22.28
"1474","stranieri",41,2003,19.9
"1475","stranieri",41,2004,18.9
"1476","stranieri",41,2005,18.48
"1477","stranieri",41,2006,19.92
"1478","stranieri",41,2007,19.43
"1479","stranieri",41,2008,19.07
"1480","stranieri",41,2009,18.41
"1481","stranieri",41,2010,17.5
"1482","stranieri",41,2011,19.14
"1483","stranieri",41,2012,17.84
"1484","stranieri",41,2013,19.23
"1485","stranieri",41,2014,17.49
"1486","stranieri",41,2015,19.21
"1487","stranieri",41,2016,18.35
"1488","stranieri",41,2017,20.8
"1489","stranieri",41,2018,21.83
"1490","stranieri",41,2019,20.71
"1491","stranieri",41,2020,20.6
"1492","stranieri",41,2021,21.84
"1493","stranieri",41,2022,21.48
"1494","stranieri",41,2023,21.4
"1495","stranieri",41,2024,21.18
"1496","stranieri",42,2002,14.87
"1497","stranieri",42,2003,14.85
"1498","stranieri",42,2004,12.57
"1499","stranieri",42,2005,12.96
"1500","stranieri",42,2006,12.87
"1501","stranieri",42,2007,13.01
"1502","stranieri",42,2008,13.92
"1503","stranieri",42,2009,12
"1504","stranieri",42,2010,11.4
"1505","stranieri",42,2011,11.73
"1506","stranieri",42,2012,11.72
"1507","stranieri",42,2013,12.16
"1508","stranieri",42,2014,12.61
"1509","stranieri",42,2015,12.08
"1510","stranieri",42,2016,12.54
"1511","stranieri",42,2017,13.78
"1512","stranieri",42,2018,13.95
"1513","stranieri",42,2019,14.52
"1514","stranieri",42,2020,14.46
"1515","stranieri",42,2021,14.32
"1516","stranieri",42,2022,14.79
"1517","stranieri",42,2023,13.68
"1518","stranieri",42,2024,15.17
"1519","stranieri",43,2002,7.92
"1520","stranieri",43,2003,9.19
"1521","stranieri",43,2004,8.74
"1522","stranieri",43,2005,6.46
"1523","stranieri",43,2006,7.22
"1524","stranieri",43,2007,8.2
"1525","stranieri",43,2008,6.9
"1526","stranieri",43,2009,8.68
"1527","stranieri",43,2010,7.54
"1528","stranieri",43,2011,8.05
"1529","stranieri",43,2012,6.78
"1530","stranieri",43,2013,7.21
"1531","stranieri",43,2014,6.84
"1532","stranieri",43,2015,7.6
"1533","stranieri",43,2016,8.57
"1534","stranieri",43,2017,8.7
"1535","stranieri",43,2018,8.38
"1536","stranieri",43,2019,8.62
"1537","stranieri",43,2020,8.4
"1538","stranieri",43,2021,9.86
"1539","stranieri",43,2022,9.66
"1540","stranieri",43,2023,9.45
"1541","stranieri",43,2024,9.5
"1542","stranieri",44,2002,5.67
"1543","stranieri",44,2003,5.04
"1544","stranieri",44,2004,4.63
"1545","stranieri",44,2005,4.31
"1546","stranieri",44,2006,4.29
"1547","stranieri",44,2007,5.78
"1548","stranieri",44,2008,4.11
"1549","stranieri",44,2009,4.28
"1550","stranieri",44,2010,5.38
"1551","stranieri",44,2011,4.46
"1552","stranieri",44,2012,4.21
"1553","stranieri",44,2013,3.89
"1554","stranieri",44,2014,4.09
"1555","stranieri",44,2015,4.06
"1556","stranieri",44,2016,4.51
"1557","stranieri",44,2017,4.77
"1558","stranieri",44,2018,5.98
"1559","stranieri",44,2019,4.97
"1560","stranieri",44,2020,5.43
"1561","stranieri",44,2021,5.68
"1562","stranieri",44,2022,5.2
"1563","stranieri",44,2023,5.16
"1564","stranieri",44,2024,5.85
"1565","stranieri",45,2002,3.97
"1566","stranieri",45,2003,2.93
"1567","stranieri",45,2004,3.1
"1568","stranieri",45,2005,2.66
"1569","stranieri",45,2006,2.72
"1570","stranieri",45,2007,2.42
"1571","stranieri",45,2008,2.13
"1572","stranieri",45,2009,2.31
"1573","stranieri",45,2010,2.41
"1574","stranieri",45,2011,2.97
"1575","stranieri",45,2012,2.27
"1576","stranieri",45,2013,1.96
"1577","stranieri",45,2014,2.55
"1578","stranieri",45,2015,2.43
"1579","stranieri",45,2016,2.55
"1580","stranieri",45,2017,3.01
"1581","stranieri",45,2018,3.03
"1582","stranieri",45,2019,2.82
"1583","stranieri",45,2020,2.96
"1584","stranieri",45,2021,3.26
"1585","stranieri",45,2022,3.1
"1586","stranieri",45,2023,3.49
"1587","stranieri",45,2024,3.15
"1588","stranieri",46,2002,1.25
"1589","stranieri",46,2003,1.33
"1590","stranieri",46,2004,1.38
"1591","stranieri",46,2005,1.17
"1592","stranieri",46,2006,1.78
"1593","stranieri",46,2007,1.5
"1594","stranieri",46,2008,1.21
"1595","stranieri",46,2009,0.96
"1596","stranieri",46,2010,1.25
"1597","stranieri",46,2011,1.71
"1598","stranieri",46,2012,1.16
"1599","stranieri",46,2013,1.43
"1600","stranieri",46,2014,1.15
"1601","stranieri",46,2015,1.27
"1602","stranieri",46,2016,1.6
"1603","stranieri",46,2017,1.24
"1604","stranieri",46,2018,1.56
"1605","stranieri",46,2019,1.42
"1606","stranieri",46,2020,1.75
"1607","stranieri",46,2021,1.82
"1608","stranieri",46,2022,1.86
"1609","stranieri",46,2023,2.15
"1610","stranieri",46,2024,1.59
"1611","stranieri",50,2002,0.9
"1612","stranieri",50,2003,0.89
"1613","stranieri",50,2004,0.84
"1614","stranieri",50,2005,1.22
"1615","stranieri",50,2006,1.42
"1616","stranieri",50,2007,0.9
"1617","stranieri",50,2008,0.92
"1618","stranieri",50,2009,0.57
"1619","stranieri",50,2010,1.07
"1620","stranieri",50,2011,1.05
"1621","stranieri",50,2012,1.02
"1622","stranieri",50,2013,0.92
"1623","stranieri",50,2014,0.89
"1624","stranieri",50,2015,0.73
"1625","stranieri",50,2016,0.61
"1626","stranieri",50,2017,0.83
"1627","stranieri",50,2018,0.86
"1628","stranieri",50,2019,1.09
"1629","stranieri",50,2020,1.23
"1630","stranieri",50,2021,0.96
"1631","stranieri",50,2022,0.84
"1632","stranieri",50,2023,0.92
"1633","stranieri",50,2024,1.03
"1634","stranieri",47,2002,0.62
"1635","stranieri",47,2003,0.58
"1636","stranieri",47,2004,0.86
"1637","stranieri",47,2005,0.72
"1638","stranieri",47,2006,0.48
"1639","stranieri",47,2007,0.9
"1640","stranieri",47,2008,0.34
"1641","stranieri",47,2009,0.92
"1642","stranieri",47,2010,0.55
"1643","stranieri",47,2011,0.7
"1644","stranieri",47,2012,0.47
"1645","stranieri",47,2013,0.53
"1646","stranieri",47,2014,0.86
"1647","stranieri",47,2015,0.61
"1648","stranieri",47,2016,0.54
"1649","stranieri",47,2017,1.19
"1650","stranieri",47,2018,1.02
"1651","stranieri",47,2019,0.82
"1652","stranieri",47,2020,0.91
"1653","stranieri",47,2021,1.1
"1654","stranieri",47,2022,1.14
"1655","stranieri",47,2023,1.05
"1656","stranieri",47,2024,1.17
"1657","stranieri",48,2002,0.27
"1658","stranieri",48,2003,0.83
"1659","stranieri",48,2004,0.31
"1660","stranieri",48,2005,0.33
"1661","stranieri",48,2006,0.47
"1662","stranieri",48,2007,0.59
"1663","stranieri",48,2008,0.4
"1664","stranieri",48,2009,0.7
"1665","stranieri",48,2010,0.13
"1666","stranieri",48,2011,0.37
"1667","stranieri",48,2012,0.65
"1668","stranieri",48,2013,0.57
"1669","stranieri",48,2014,0.33
"1670","stranieri",48,2015,0.23
"1671","stranieri",48,2016,0.4
"1672","stranieri",48,2017,0.57
"1673","stranieri",48,2018,0.64
"1674","stranieri",48,2019,0.68
"1675","stranieri",48,2020,0.69
"1676","stranieri",48,2021,0.53
"1677","stranieri",48,2022,0.71
"1678","stranieri",48,2023,0.86
"1679","stranieri",48,2024,0.7
"1680","stranieri",49,2002,0
"1681","stranieri",49,2003,0.45
"1682","stranieri",49,2004,0.33
"1683","stranieri",49,2005,0.21
"1684","stranieri",49,2006,0.44
"1685","stranieri",49,2007,0.32
"1686","stranieri",49,2008,0.17
"1687","stranieri",49,2009,0.15
"1688","stranieri",49,2010,0.16
"1689","stranieri",49,2011,0.24
"1690","stranieri",49,2012,0.28
"1691","stranieri",49,2013,0.5
"1692","stranieri",49,2014,0.23
"1693","stranieri",49,2015,0.21
"1694","stranieri",49,2016,0.28
"1695","stranieri",49,2017,0.26
"1696","stranieri",49,2018,0.36
"1697","stranieri",49,2019,0.49
"1698","stranieri",49,2020,0.43
"1699","stranieri",49,2021,0.24
"1700","stranieri",49,2022,0.62
"1701","stranieri",49,2023,0.52
"1702","stranieri",49,2024,0.68
