"","origine","sex","age","year","emigrati"
"1","Italia","Maschi","Fino a 17 anni",2002,2771
"2","Italia","Maschi","Fino a 17 anni",2003,3372
"3","Italia","Maschi","Fino a 17 anni",2004,2867
"4","Italia","Maschi","Fino a 17 anni",2005,3399
"5","Italia","Maschi","Fino a 17 anni",2006,3737
"6","Italia","Maschi","Fino a 17 anni",2007,2836
"7","Italia","Maschi","Fino a 17 anni",2008,3111
"8","Italia","Maschi","Fino a 17 anni",2009,3098
"9","Italia","Maschi","Fino a 17 anni",2010,3585
"10","Italia","Maschi","Fino a 17 anni",2011,4451
"11","Italia","Maschi","Fino a 17 anni",2012,5498
"12","Italia","Maschi","Fino a 17 anni",2013,7037
"13","Italia","Maschi","Fino a 17 anni",2014,8678
"14","Italia","Maschi","Fino a 17 anni",2015,10540
"15","Italia","Maschi","Fino a 17 anni",2016,11433
"16","Italia","Maschi","Fino a 17 anni",2017,11036
"17","Italia","Maschi","Fino a 17 anni",2018,11057
"18","Italia","Maschi","Fino a 17 anni",2019,10851
"19","Italia","Maschi","Fino a 17 anni",2020,11773
"20","Italia","Maschi","Fino a 17 anni",2021,9339
"21","Italia","Maschi","Fino a 17 anni",2022,8452
"22","Italia","Maschi","Fino a 17 anni",2023,8090
"23","Italia","Maschi","Fino a 17 anni",2024,8163
"24","Italia","Maschi","Fino a 17 anni",2025,6929
"25","Italia","Maschi","18-39 anni",2002,10566
"26","Italia","Maschi","18-39 anni",2003,11510
"27","Italia","Maschi","18-39 anni",2004,11427
"28","Italia","Maschi","18-39 anni",2005,11382
"29","Italia","Maschi","18-39 anni",2006,12003
"30","Italia","Maschi","18-39 anni",2007,10987
"31","Italia","Maschi","18-39 anni",2008,12078
"32","Italia","Maschi","18-39 anni",2009,12062
"33","Italia","Maschi","18-39 anni",2010,11727
"34","Italia","Maschi","18-39 anni",2011,14624
"35","Italia","Maschi","18-39 anni",2012,19317
"36","Italia","Maschi","18-39 anni",2013,24152
"37","Italia","Maschi","18-39 anni",2014,25413
"38","Italia","Maschi","18-39 anni",2015,28393
"39","Italia","Maschi","18-39 anni",2016,33134
"40","Italia","Maschi","18-39 anni",2017,33188
"41","Italia","Maschi","18-39 anni",2018,34494
"42","Italia","Maschi","18-39 anni",2019,36074
"43","Italia","Maschi","18-39 anni",2020,33938
"44","Italia","Maschi","18-39 anni",2021,26804
"45","Italia","Maschi","18-39 anni",2022,29613
"46","Italia","Maschi","18-39 anni",2023,36189
"47","Italia","Maschi","18-39 anni",2024,46627
"48","Italia","Maschi","18-39 anni",2025,34280
"49","Italia","Maschi","40-64 anni",2002,5151
"50","Italia","Maschi","40-64 anni",2003,6339
"51","Italia","Maschi","40-64 anni",2004,6206
"52","Italia","Maschi","40-64 anni",2005,6837
"53","Italia","Maschi","40-64 anni",2006,7684
"54","Italia","Maschi","40-64 anni",2007,5782
"55","Italia","Maschi","40-64 anni",2008,6132
"56","Italia","Maschi","40-64 anni",2009,6024
"57","Italia","Maschi","40-64 anni",2010,6210
"58","Italia","Maschi","40-64 anni",2011,8001
"59","Italia","Maschi","40-64 anni",2012,11830
"60","Italia","Maschi","40-64 anni",2013,13512
"61","Italia","Maschi","40-64 anni",2014,14278
"62","Italia","Maschi","40-64 anni",2015,16421
"63","Italia","Maschi","40-64 anni",2016,16951
"64","Italia","Maschi","40-64 anni",2017,16547
"65","Italia","Maschi","40-64 anni",2018,16770
"66","Italia","Maschi","40-64 anni",2019,17113
"67","Italia","Maschi","40-64 anni",2020,17111
"68","Italia","Maschi","40-64 anni",2021,13401
"69","Italia","Maschi","40-64 anni",2022,13814
"70","Italia","Maschi","40-64 anni",2023,15394
"71","Italia","Maschi","40-64 anni",2024,18577
"72","Italia","Maschi","40-64 anni",2025,14498
"73","Italia","Maschi","65 anni e più",2002,1153
"74","Italia","Maschi","65 anni e più",2003,1730
"75","Italia","Maschi","65 anni e più",2004,1771
"76","Italia","Maschi","65 anni e più",2005,2013
"77","Italia","Maschi","65 anni e più",2006,2528
"78","Italia","Maschi","65 anni e più",2007,1331
"79","Italia","Maschi","65 anni e più",2008,1378
"80","Italia","Maschi","65 anni e più",2009,1277
"81","Italia","Maschi","65 anni e più",2010,1242
"82","Italia","Maschi","65 anni e più",2011,1665
"83","Italia","Maschi","65 anni e più",2012,2626
"84","Italia","Maschi","65 anni e più",2013,2596
"85","Italia","Maschi","65 anni e più",2014,2556
"86","Italia","Maschi","65 anni e più",2015,3008
"87","Italia","Maschi","65 anni e più",2016,2745
"88","Italia","Maschi","65 anni e più",2017,3111
"89","Italia","Maschi","65 anni e più",2018,2935
"90","Italia","Maschi","65 anni e più",2019,2782
"91","Italia","Maschi","65 anni e più",2020,2705
"92","Italia","Maschi","65 anni e più",2021,2174
"93","Italia","Maschi","65 anni e più",2022,2609
"94","Italia","Maschi","65 anni e più",2023,3221
"95","Italia","Maschi","65 anni e più",2024,3271
"96","Italia","Maschi","65 anni e più",2025,3291
"97","Italia","Femmine","Fino a 17 anni",2002,2566
"98","Italia","Femmine","Fino a 17 anni",2003,3021
"99","Italia","Femmine","Fino a 17 anni",2004,2639
"100","Italia","Femmine","Fino a 17 anni",2005,3212
"101","Italia","Femmine","Fino a 17 anni",2006,3495
"102","Italia","Femmine","Fino a 17 anni",2007,2663
"103","Italia","Femmine","Fino a 17 anni",2008,2948
"104","Italia","Femmine","Fino a 17 anni",2009,2957
"105","Italia","Femmine","Fino a 17 anni",2010,3321
"106","Italia","Femmine","Fino a 17 anni",2011,4166
"107","Italia","Femmine","Fino a 17 anni",2012,5251
"108","Italia","Femmine","Fino a 17 anni",2013,6842
"109","Italia","Femmine","Fino a 17 anni",2014,8210
"110","Italia","Femmine","Fino a 17 anni",2015,9627
"111","Italia","Femmine","Fino a 17 anni",2016,10882
"112","Italia","Femmine","Fino a 17 anni",2017,10414
"113","Italia","Femmine","Fino a 17 anni",2018,10316
"114","Italia","Femmine","Fino a 17 anni",2019,11056
"115","Italia","Femmine","Fino a 17 anni",2020,11641
"116","Italia","Femmine","Fino a 17 anni",2021,8856
"117","Italia","Femmine","Fino a 17 anni",2022,8102
"118","Italia","Femmine","Fino a 17 anni",2023,7831
"119","Italia","Femmine","Fino a 17 anni",2024,7740
"120","Italia","Femmine","Fino a 17 anni",2025,6578
"121","Italia","Femmine","18-39 anni",2002,7414
"122","Italia","Femmine","18-39 anni",2003,7903
"123","Italia","Femmine","18-39 anni",2004,8293
"124","Italia","Femmine","18-39 anni",2005,8714
"125","Italia","Femmine","18-39 anni",2006,9366
"126","Italia","Femmine","18-39 anni",2007,7846
"127","Italia","Femmine","18-39 anni",2008,8870
"128","Italia","Femmine","18-39 anni",2009,8827
"129","Italia","Femmine","18-39 anni",2010,8725
"130","Italia","Femmine","18-39 anni",2011,10933
"131","Italia","Femmine","18-39 anni",2012,14239
"132","Italia","Femmine","18-39 anni",2013,18190
"133","Italia","Femmine","18-39 anni",2014,19661
"134","Italia","Femmine","18-39 anni",2015,22655
"135","Italia","Femmine","18-39 anni",2016,27654
"136","Italia","Femmine","18-39 anni",2017,28365
"137","Italia","Femmine","18-39 anni",2018,29076
"138","Italia","Femmine","18-39 anni",2019,31989
"139","Italia","Femmine","18-39 anni",2020,30907
"140","Italia","Femmine","18-39 anni",2021,23893
"141","Italia","Femmine","18-39 anni",2022,25908
"142","Italia","Femmine","18-39 anni",2023,30609
"143","Italia","Femmine","18-39 anni",2024,41397
"144","Italia","Femmine","18-39 anni",2025,30111
"145","Italia","Femmine","40-64 anni",2002,3216
"146","Italia","Femmine","40-64 anni",2003,4208
"147","Italia","Femmine","40-64 anni",2004,4220
"148","Italia","Femmine","40-64 anni",2005,4460
"149","Italia","Femmine","40-64 anni",2006,5023
"150","Italia","Femmine","40-64 anni",2007,3467
"151","Italia","Femmine","40-64 anni",2008,3681
"152","Italia","Femmine","40-64 anni",2009,3611
"153","Italia","Femmine","40-64 anni",2010,3629
"154","Italia","Femmine","40-64 anni",2011,4663
"155","Italia","Femmine","40-64 anni",2012,6981
"156","Italia","Femmine","40-64 anni",2013,7450
"157","Italia","Femmine","40-64 anni",2014,7892
"158","Italia","Femmine","40-64 anni",2015,9132
"159","Italia","Femmine","40-64 anni",2016,9627
"160","Italia","Femmine","40-64 anni",2017,9755
"161","Italia","Femmine","40-64 anni",2018,10094
"162","Italia","Femmine","40-64 anni",2019,10338
"163","Italia","Femmine","40-64 anni",2020,10499
"164","Italia","Femmine","40-64 anni",2021,8011
"165","Italia","Femmine","40-64 anni",2022,8910
"166","Italia","Femmine","40-64 anni",2023,9931
"167","Italia","Femmine","40-64 anni",2024,12674
"168","Italia","Femmine","40-64 anni",2025,10426
"169","Italia","Femmine","65 anni e più",2002,1219
"170","Italia","Femmine","65 anni e più",2003,1783
"171","Italia","Femmine","65 anni e più",2004,1732
"172","Italia","Femmine","65 anni e più",2005,1974
"173","Italia","Femmine","65 anni e più",2006,2472
"174","Italia","Femmine","65 anni e più",2007,1387
"175","Italia","Femmine","65 anni e più",2008,1338
"176","Italia","Femmine","65 anni e più",2009,1168
"177","Italia","Femmine","65 anni e più",2010,1106
"178","Italia","Femmine","65 anni e più",2011,1554
"179","Italia","Femmine","65 anni e più",2012,2256
"180","Italia","Femmine","65 anni e più",2013,2316
"181","Italia","Femmine","65 anni e più",2014,2171
"182","Italia","Femmine","65 anni e più",2015,2483
"183","Italia","Femmine","65 anni e più",2016,2086
"184","Italia","Femmine","65 anni e più",2017,2143
"185","Italia","Femmine","65 anni e più",2018,1990
"186","Italia","Femmine","65 anni e più",2019,1817
"187","Italia","Femmine","65 anni e più",2020,2376
"188","Italia","Femmine","65 anni e più",2021,1741
"189","Italia","Femmine","65 anni e più",2022,2102
"190","Italia","Femmine","65 anni e più",2023,2792
"191","Italia","Femmine","65 anni e più",2024,2607
"192","Italia","Femmine","65 anni e più",2025,2891
"193","Italia","Totale","Fino a 17 anni",2002,5337
"194","Italia","Totale","Fino a 17 anni",2003,6393
"195","Italia","Totale","Fino a 17 anni",2004,5506
"196","Italia","Totale","Fino a 17 anni",2005,6611
"197","Italia","Totale","Fino a 17 anni",2006,7232
"198","Italia","Totale","Fino a 17 anni",2007,5499
"199","Italia","Totale","Fino a 17 anni",2008,6059
"200","Italia","Totale","Fino a 17 anni",2009,6055
"201","Italia","Totale","Fino a 17 anni",2010,6906
"202","Italia","Totale","Fino a 17 anni",2011,8617
"203","Italia","Totale","Fino a 17 anni",2012,10749
"204","Italia","Totale","Fino a 17 anni",2013,13879
"205","Italia","Totale","Fino a 17 anni",2014,16888
"206","Italia","Totale","Fino a 17 anni",2015,20167
"207","Italia","Totale","Fino a 17 anni",2016,22315
"208","Italia","Totale","Fino a 17 anni",2017,21450
"209","Italia","Totale","Fino a 17 anni",2018,21373
"210","Italia","Totale","Fino a 17 anni",2019,21907
"211","Italia","Totale","Fino a 17 anni",2020,23414
"212","Italia","Totale","Fino a 17 anni",2021,18195
"213","Italia","Totale","Fino a 17 anni",2022,16554
"214","Italia","Totale","Fino a 17 anni",2023,15921
"215","Italia","Totale","Fino a 17 anni",2024,15903
"216","Italia","Totale","Fino a 17 anni",2025,13507
"217","Italia","Totale","18-39 anni",2002,17980
"218","Italia","Totale","18-39 anni",2003,19413
"219","Italia","Totale","18-39 anni",2004,19720
"220","Italia","Totale","18-39 anni",2005,20096
"221","Italia","Totale","18-39 anni",2006,21369
"222","Italia","Totale","18-39 anni",2007,18833
"223","Italia","Totale","18-39 anni",2008,20948
"224","Italia","Totale","18-39 anni",2009,20889
"225","Italia","Totale","18-39 anni",2010,20452
"226","Italia","Totale","18-39 anni",2011,25557
"227","Italia","Totale","18-39 anni",2012,33556
"228","Italia","Totale","18-39 anni",2013,42342
"229","Italia","Totale","18-39 anni",2014,45074
"230","Italia","Totale","18-39 anni",2015,51048
"231","Italia","Totale","18-39 anni",2016,60788
"232","Italia","Totale","18-39 anni",2017,61553
"233","Italia","Totale","18-39 anni",2018,63570
"234","Italia","Totale","18-39 anni",2019,68063
"235","Italia","Totale","18-39 anni",2020,64845
"236","Italia","Totale","18-39 anni",2021,50697
"237","Italia","Totale","18-39 anni",2022,55521
"238","Italia","Totale","18-39 anni",2023,66798
"239","Italia","Totale","18-39 anni",2024,88024
"240","Italia","Totale","18-39 anni",2025,64391
"241","Italia","Totale","40-64 anni",2002,8367
"242","Italia","Totale","40-64 anni",2003,10547
"243","Italia","Totale","40-64 anni",2004,10426
"244","Italia","Totale","40-64 anni",2005,11297
"245","Italia","Totale","40-64 anni",2006,12707
"246","Italia","Totale","40-64 anni",2007,9249
"247","Italia","Totale","40-64 anni",2008,9813
"248","Italia","Totale","40-64 anni",2009,9635
"249","Italia","Totale","40-64 anni",2010,9839
"250","Italia","Totale","40-64 anni",2011,12664
"251","Italia","Totale","40-64 anni",2012,18811
"252","Italia","Totale","40-64 anni",2013,20962
"253","Italia","Totale","40-64 anni",2014,22170
"254","Italia","Totale","40-64 anni",2015,25553
"255","Italia","Totale","40-64 anni",2016,26578
"256","Italia","Totale","40-64 anni",2017,26302
"257","Italia","Totale","40-64 anni",2018,26864
"258","Italia","Totale","40-64 anni",2019,27451
"259","Italia","Totale","40-64 anni",2020,27610
"260","Italia","Totale","40-64 anni",2021,21412
"261","Italia","Totale","40-64 anni",2022,22724
"262","Italia","Totale","40-64 anni",2023,25325
"263","Italia","Totale","40-64 anni",2024,31251
"264","Italia","Totale","40-64 anni",2025,24924
"265","Italia","Totale","65 anni e più",2002,2372
"266","Italia","Totale","65 anni e più",2003,3513
"267","Italia","Totale","65 anni e più",2004,3503
"268","Italia","Totale","65 anni e più",2005,3987
"269","Italia","Totale","65 anni e più",2006,5000
"270","Italia","Totale","65 anni e più",2007,2718
"271","Italia","Totale","65 anni e più",2008,2716
"272","Italia","Totale","65 anni e più",2009,2445
"273","Italia","Totale","65 anni e più",2010,2348
"274","Italia","Totale","65 anni e più",2011,3219
"275","Italia","Totale","65 anni e più",2012,4882
"276","Italia","Totale","65 anni e più",2013,4912
"277","Italia","Totale","65 anni e più",2014,4727
"278","Italia","Totale","65 anni e più",2015,5491
"279","Italia","Totale","65 anni e più",2016,4831
"280","Italia","Totale","65 anni e più",2017,5254
"281","Italia","Totale","65 anni e più",2018,4925
"282","Italia","Totale","65 anni e più",2019,4599
"283","Italia","Totale","65 anni e più",2020,5081
"284","Italia","Totale","65 anni e più",2021,3915
"285","Italia","Totale","65 anni e più",2022,4711
"286","Italia","Totale","65 anni e più",2023,6013
"287","Italia","Totale","65 anni e più",2024,5878
"288","Italia","Totale","65 anni e più",2025,6182
"289","Paesi esteri","Maschi","Fino a 17 anni",2002,738
"290","Paesi esteri","Maschi","Fino a 17 anni",2003,793
"291","Paesi esteri","Maschi","Fino a 17 anni",2004,798
"292","Paesi esteri","Maschi","Fino a 17 anni",2005,1113
"293","Paesi esteri","Maschi","Fino a 17 anni",2006,1201
"294","Paesi esteri","Maschi","Fino a 17 anni",2007,1499
"295","Paesi esteri","Maschi","Fino a 17 anni",2008,1984
"296","Paesi esteri","Maschi","Fino a 17 anni",2009,2439
"297","Paesi esteri","Maschi","Fino a 17 anni",2010,2942
"298","Paesi esteri","Maschi","Fino a 17 anni",2011,3115
"299","Paesi esteri","Maschi","Fino a 17 anni",2012,3250
"300","Paesi esteri","Maschi","Fino a 17 anni",2013,4110
"301","Paesi esteri","Maschi","Fino a 17 anni",2014,4427
"302","Paesi esteri","Maschi","Fino a 17 anni",2015,4069
"303","Paesi esteri","Maschi","Fino a 17 anni",2016,3716
"304","Paesi esteri","Maschi","Fino a 17 anni",2017,3338
"305","Paesi esteri","Maschi","Fino a 17 anni",2018,2979
"306","Paesi esteri","Maschi","Fino a 17 anni",2019,2984
"307","Paesi esteri","Maschi","Fino a 17 anni",2020,2391
"308","Paesi esteri","Maschi","Fino a 17 anni",2021,4347
"309","Paesi esteri","Maschi","Fino a 17 anni",2022,2892
"310","Paesi esteri","Maschi","Fino a 17 anni",2023,2594
"311","Paesi esteri","Maschi","Fino a 17 anni",2024,4129
"312","Paesi esteri","Maschi","Fino a 17 anni",2025,1661
"313","Paesi esteri","Maschi","18-39 anni",2002,1884
"314","Paesi esteri","Maschi","18-39 anni",2003,2094
"315","Paesi esteri","Maschi","18-39 anni",2004,2791
"316","Paesi esteri","Maschi","18-39 anni",2005,2862
"317","Paesi esteri","Maschi","18-39 anni",2006,2820
"318","Paesi esteri","Maschi","18-39 anni",2007,3525
"319","Paesi esteri","Maschi","18-39 anni",2008,5850
"320","Paesi esteri","Maschi","18-39 anni",2009,6525
"321","Paesi esteri","Maschi","18-39 anni",2010,6437
"322","Paesi esteri","Maschi","18-39 anni",2011,7144
"323","Paesi esteri","Maschi","18-39 anni",2012,8822
"324","Paesi esteri","Maschi","18-39 anni",2013,9196
"325","Paesi esteri","Maschi","18-39 anni",2014,10156
"326","Paesi esteri","Maschi","18-39 anni",2015,9361
"327","Paesi esteri","Maschi","18-39 anni",2016,9052
"328","Paesi esteri","Maschi","18-39 anni",2017,8434
"329","Paesi esteri","Maschi","18-39 anni",2018,8410
"330","Paesi esteri","Maschi","18-39 anni",2019,14680
"331","Paesi esteri","Maschi","18-39 anni",2020,8611
"332","Paesi esteri","Maschi","18-39 anni",2021,16661
"333","Paesi esteri","Maschi","18-39 anni",2022,12932
"334","Paesi esteri","Maschi","18-39 anni",2023,10052
"335","Paesi esteri","Maschi","18-39 anni",2024,8371
"336","Paesi esteri","Maschi","18-39 anni",2025,5971
"337","Paesi esteri","Maschi","40-64 anni",2002,1034
"338","Paesi esteri","Maschi","40-64 anni",2003,1206
"339","Paesi esteri","Maschi","40-64 anni",2004,1471
"340","Paesi esteri","Maschi","40-64 anni",2005,1495
"341","Paesi esteri","Maschi","40-64 anni",2006,1515
"342","Paesi esteri","Maschi","40-64 anni",2007,1729
"343","Paesi esteri","Maschi","40-64 anni",2008,2714
"344","Paesi esteri","Maschi","40-64 anni",2009,3288
"345","Paesi esteri","Maschi","40-64 anni",2010,3511
"346","Paesi esteri","Maschi","40-64 anni",2011,4114
"347","Paesi esteri","Maschi","40-64 anni",2012,4916
"348","Paesi esteri","Maschi","40-64 anni",2013,5574
"349","Paesi esteri","Maschi","40-64 anni",2014,6018
"350","Paesi esteri","Maschi","40-64 anni",2015,5448
"351","Paesi esteri","Maschi","40-64 anni",2016,5185
"352","Paesi esteri","Maschi","40-64 anni",2017,4940
"353","Paesi esteri","Maschi","40-64 anni",2018,5250
"354","Paesi esteri","Maschi","40-64 anni",2019,8441
"355","Paesi esteri","Maschi","40-64 anni",2020,4773
"356","Paesi esteri","Maschi","40-64 anni",2021,8683
"357","Paesi esteri","Maschi","40-64 anni",2022,6551
"358","Paesi esteri","Maschi","40-64 anni",2023,5761
"359","Paesi esteri","Maschi","40-64 anni",2024,6950
"360","Paesi esteri","Maschi","40-64 anni",2025,4781
"361","Paesi esteri","Maschi","65 anni e più",2002,189
"362","Paesi esteri","Maschi","65 anni e più",2003,233
"363","Paesi esteri","Maschi","65 anni e più",2004,272
"364","Paesi esteri","Maschi","65 anni e più",2005,298
"365","Paesi esteri","Maschi","65 anni e più",2006,293
"366","Paesi esteri","Maschi","65 anni e più",2007,246
"367","Paesi esteri","Maschi","65 anni e più",2008,421
"368","Paesi esteri","Maschi","65 anni e più",2009,421
"369","Paesi esteri","Maschi","65 anni e più",2010,510
"370","Paesi esteri","Maschi","65 anni e più",2011,700
"371","Paesi esteri","Maschi","65 anni e più",2012,732
"372","Paesi esteri","Maschi","65 anni e più",2013,1152
"373","Paesi esteri","Maschi","65 anni e più",2014,1051
"374","Paesi esteri","Maschi","65 anni e più",2015,1082
"375","Paesi esteri","Maschi","65 anni e più",2016,1030
"376","Paesi esteri","Maschi","65 anni e più",2017,1015
"377","Paesi esteri","Maschi","65 anni e più",2018,1083
"378","Paesi esteri","Maschi","65 anni e più",2019,1389
"379","Paesi esteri","Maschi","65 anni e più",2020,1029
"380","Paesi esteri","Maschi","65 anni e più",2021,1775
"381","Paesi esteri","Maschi","65 anni e più",2022,1578
"382","Paesi esteri","Maschi","65 anni e più",2023,1759
"383","Paesi esteri","Maschi","65 anni e più",2024,1736
"384","Paesi esteri","Maschi","65 anni e più",2025,1853
"385","Paesi esteri","Femmine","Fino a 17 anni",2002,703
"386","Paesi esteri","Femmine","Fino a 17 anni",2003,834
"387","Paesi esteri","Femmine","Fino a 17 anni",2004,845
"388","Paesi esteri","Femmine","Fino a 17 anni",2005,1102
"389","Paesi esteri","Femmine","Fino a 17 anni",2006,1164
"390","Paesi esteri","Femmine","Fino a 17 anni",2007,1475
"391","Paesi esteri","Femmine","Fino a 17 anni",2008,1990
"392","Paesi esteri","Femmine","Fino a 17 anni",2009,2465
"393","Paesi esteri","Femmine","Fino a 17 anni",2010,2716
"394","Paesi esteri","Femmine","Fino a 17 anni",2011,3225
"395","Paesi esteri","Femmine","Fino a 17 anni",2012,3089
"396","Paesi esteri","Femmine","Fino a 17 anni",2013,3947
"397","Paesi esteri","Femmine","Fino a 17 anni",2014,4321
"398","Paesi esteri","Femmine","Fino a 17 anni",2015,3881
"399","Paesi esteri","Femmine","Fino a 17 anni",2016,3314
"400","Paesi esteri","Femmine","Fino a 17 anni",2017,3038
"401","Paesi esteri","Femmine","Fino a 17 anni",2018,2913
"402","Paesi esteri","Femmine","Fino a 17 anni",2019,2742
"403","Paesi esteri","Femmine","Fino a 17 anni",2020,2390
"404","Paesi esteri","Femmine","Fino a 17 anni",2021,3998
"405","Paesi esteri","Femmine","Fino a 17 anni",2022,2679
"406","Paesi esteri","Femmine","Fino a 17 anni",2023,2422
"407","Paesi esteri","Femmine","Fino a 17 anni",2024,3894
"408","Paesi esteri","Femmine","Fino a 17 anni",2025,1672
"409","Paesi esteri","Femmine","18-39 anni",2002,1922
"410","Paesi esteri","Femmine","18-39 anni",2003,2185
"411","Paesi esteri","Femmine","18-39 anni",2004,2659
"412","Paesi esteri","Femmine","18-39 anni",2005,2962
"413","Paesi esteri","Femmine","18-39 anni",2006,2938
"414","Paesi esteri","Femmine","18-39 anni",2007,3800
"415","Paesi esteri","Femmine","18-39 anni",2008,5298
"416","Paesi esteri","Femmine","18-39 anni",2009,6089
"417","Paesi esteri","Femmine","18-39 anni",2010,6237
"418","Paesi esteri","Femmine","18-39 anni",2011,7373
"419","Paesi esteri","Femmine","18-39 anni",2012,9068
"420","Paesi esteri","Femmine","18-39 anni",2013,9151
"421","Paesi esteri","Femmine","18-39 anni",2014,10338
"422","Paesi esteri","Femmine","18-39 anni",2015,9786
"423","Paesi esteri","Femmine","18-39 anni",2016,9196
"424","Paesi esteri","Femmine","18-39 anni",2017,8622
"425","Paesi esteri","Femmine","18-39 anni",2018,8293
"426","Paesi esteri","Femmine","18-39 anni",2019,11714
"427","Paesi esteri","Femmine","18-39 anni",2020,7712
"428","Paesi esteri","Femmine","18-39 anni",2021,11192
"429","Paesi esteri","Femmine","18-39 anni",2022,8543
"430","Paesi esteri","Femmine","18-39 anni",2023,7161
"431","Paesi esteri","Femmine","18-39 anni",2024,7068
"432","Paesi esteri","Femmine","18-39 anni",2025,5156
"433","Paesi esteri","Femmine","40-64 anni",2002,957
"434","Paesi esteri","Femmine","40-64 anni",2003,1169
"435","Paesi esteri","Femmine","40-64 anni",2004,1515
"436","Paesi esteri","Femmine","40-64 anni",2005,1694
"437","Paesi esteri","Femmine","40-64 anni",2006,1726
"438","Paesi esteri","Femmine","40-64 anni",2007,2081
"439","Paesi esteri","Femmine","40-64 anni",2008,3361
"440","Paesi esteri","Femmine","40-64 anni",2009,4015
"441","Paesi esteri","Femmine","40-64 anni",2010,4775
"442","Paesi esteri","Femmine","40-64 anni",2011,5766
"443","Paesi esteri","Femmine","40-64 anni",2012,7200
"444","Paesi esteri","Femmine","40-64 anni",2013,8571
"445","Paesi esteri","Femmine","40-64 anni",2014,9195
"446","Paesi esteri","Femmine","40-64 anni",2015,9126
"447","Paesi esteri","Femmine","40-64 anni",2016,9088
"448","Paesi esteri","Femmine","40-64 anni",2017,9068
"449","Paesi esteri","Femmine","40-64 anni",2018,8974
"450","Paesi esteri","Femmine","40-64 anni",2019,12403
"451","Paesi esteri","Femmine","40-64 anni",2020,8751
"452","Paesi esteri","Femmine","40-64 anni",2021,12168
"453","Paesi esteri","Femmine","40-64 anni",2022,10672
"454","Paesi esteri","Femmine","40-64 anni",2023,9047
"455","Paesi esteri","Femmine","40-64 anni",2024,9584
"456","Paesi esteri","Femmine","40-64 anni",2025,7643
"457","Paesi esteri","Femmine","65 anni e più",2002,273
"458","Paesi esteri","Femmine","65 anni e più",2003,326
"459","Paesi esteri","Femmine","65 anni e più",2004,404
"460","Paesi esteri","Femmine","65 anni e più",2005,414
"461","Paesi esteri","Femmine","65 anni e più",2006,442
"462","Paesi esteri","Femmine","65 anni e più",2007,459
"463","Paesi esteri","Femmine","65 anni e più",2008,517
"464","Paesi esteri","Femmine","65 anni e più",2009,655
"465","Paesi esteri","Femmine","65 anni e più",2010,828
"466","Paesi esteri","Femmine","65 anni e più",2011,967
"467","Paesi esteri","Femmine","65 anni e più",2012,1141
"468","Paesi esteri","Femmine","65 anni e più",2013,1939
"469","Paesi esteri","Femmine","65 anni e più",2014,1963
"470","Paesi esteri","Femmine","65 anni e più",2015,1943
"471","Paesi esteri","Femmine","65 anni e più",2016,1972
"472","Paesi esteri","Femmine","65 anni e più",2017,2096
"473","Paesi esteri","Femmine","65 anni e più",2018,2326
"474","Paesi esteri","Femmine","65 anni e più",2019,3132
"475","Paesi esteri","Femmine","65 anni e più",2020,3277
"476","Paesi esteri","Femmine","65 anni e più",2021,5269
"477","Paesi esteri","Femmine","65 anni e più",2022,4832
"478","Paesi esteri","Femmine","65 anni e più",2023,5585
"479","Paesi esteri","Femmine","65 anni e più",2024,6115
"480","Paesi esteri","Femmine","65 anni e più",2025,6416
"481","Paesi esteri","Totale","Fino a 17 anni",2002,1441
"482","Paesi esteri","Totale","Fino a 17 anni",2003,1627
"483","Paesi esteri","Totale","Fino a 17 anni",2004,1643
"484","Paesi esteri","Totale","Fino a 17 anni",2005,2215
"485","Paesi esteri","Totale","Fino a 17 anni",2006,2365
"486","Paesi esteri","Totale","Fino a 17 anni",2007,2974
"487","Paesi esteri","Totale","Fino a 17 anni",2008,3974
"488","Paesi esteri","Totale","Fino a 17 anni",2009,4904
"489","Paesi esteri","Totale","Fino a 17 anni",2010,5658
"490","Paesi esteri","Totale","Fino a 17 anni",2011,6340
"491","Paesi esteri","Totale","Fino a 17 anni",2012,6339
"492","Paesi esteri","Totale","Fino a 17 anni",2013,8057
"493","Paesi esteri","Totale","Fino a 17 anni",2014,8748
"494","Paesi esteri","Totale","Fino a 17 anni",2015,7950
"495","Paesi esteri","Totale","Fino a 17 anni",2016,7030
"496","Paesi esteri","Totale","Fino a 17 anni",2017,6376
"497","Paesi esteri","Totale","Fino a 17 anni",2018,5892
"498","Paesi esteri","Totale","Fino a 17 anni",2019,5726
"499","Paesi esteri","Totale","Fino a 17 anni",2020,4781
"500","Paesi esteri","Totale","Fino a 17 anni",2021,8345
"501","Paesi esteri","Totale","Fino a 17 anni",2022,5571
"502","Paesi esteri","Totale","Fino a 17 anni",2023,5016
"503","Paesi esteri","Totale","Fino a 17 anni",2024,8023
"504","Paesi esteri","Totale","Fino a 17 anni",2025,3333
"505","Paesi esteri","Totale","18-39 anni",2002,3806
"506","Paesi esteri","Totale","18-39 anni",2003,4279
"507","Paesi esteri","Totale","18-39 anni",2004,5450
"508","Paesi esteri","Totale","18-39 anni",2005,5824
"509","Paesi esteri","Totale","18-39 anni",2006,5758
"510","Paesi esteri","Totale","18-39 anni",2007,7325
"511","Paesi esteri","Totale","18-39 anni",2008,11148
"512","Paesi esteri","Totale","18-39 anni",2009,12614
"513","Paesi esteri","Totale","18-39 anni",2010,12674
"514","Paesi esteri","Totale","18-39 anni",2011,14517
"515","Paesi esteri","Totale","18-39 anni",2012,17890
"516","Paesi esteri","Totale","18-39 anni",2013,18347
"517","Paesi esteri","Totale","18-39 anni",2014,20494
"518","Paesi esteri","Totale","18-39 anni",2015,19147
"519","Paesi esteri","Totale","18-39 anni",2016,18248
"520","Paesi esteri","Totale","18-39 anni",2017,17056
"521","Paesi esteri","Totale","18-39 anni",2018,16703
"522","Paesi esteri","Totale","18-39 anni",2019,26394
"523","Paesi esteri","Totale","18-39 anni",2020,16323
"524","Paesi esteri","Totale","18-39 anni",2021,27853
"525","Paesi esteri","Totale","18-39 anni",2022,21475
"526","Paesi esteri","Totale","18-39 anni",2023,17213
"527","Paesi esteri","Totale","18-39 anni",2024,15439
"528","Paesi esteri","Totale","18-39 anni",2025,11127
"529","Paesi esteri","Totale","40-64 anni",2002,1991
"530","Paesi esteri","Totale","40-64 anni",2003,2375
"531","Paesi esteri","Totale","40-64 anni",2004,2986
"532","Paesi esteri","Totale","40-64 anni",2005,3189
"533","Paesi esteri","Totale","40-64 anni",2006,3241
"534","Paesi esteri","Totale","40-64 anni",2007,3810
"535","Paesi esteri","Totale","40-64 anni",2008,6075
"536","Paesi esteri","Totale","40-64 anni",2009,7303
"537","Paesi esteri","Totale","40-64 anni",2010,8286
"538","Paesi esteri","Totale","40-64 anni",2011,9880
"539","Paesi esteri","Totale","40-64 anni",2012,12116
"540","Paesi esteri","Totale","40-64 anni",2013,14145
"541","Paesi esteri","Totale","40-64 anni",2014,15213
"542","Paesi esteri","Totale","40-64 anni",2015,14574
"543","Paesi esteri","Totale","40-64 anni",2016,14273
"544","Paesi esteri","Totale","40-64 anni",2017,14008
"545","Paesi esteri","Totale","40-64 anni",2018,14224
"546","Paesi esteri","Totale","40-64 anni",2019,20844
"547","Paesi esteri","Totale","40-64 anni",2020,13524
"548","Paesi esteri","Totale","40-64 anni",2021,20851
"549","Paesi esteri","Totale","40-64 anni",2022,17223
"550","Paesi esteri","Totale","40-64 anni",2023,14808
"551","Paesi esteri","Totale","40-64 anni",2024,16534
"552","Paesi esteri","Totale","40-64 anni",2025,12424
"553","Paesi esteri","Totale","65 anni e più",2002,462
"554","Paesi esteri","Totale","65 anni e più",2003,559
"555","Paesi esteri","Totale","65 anni e più",2004,676
"556","Paesi esteri","Totale","65 anni e più",2005,712
"557","Paesi esteri","Totale","65 anni e più",2006,735
"558","Paesi esteri","Totale","65 anni e più",2007,705
"559","Paesi esteri","Totale","65 anni e più",2008,938
"560","Paesi esteri","Totale","65 anni e più",2009,1076
"561","Paesi esteri","Totale","65 anni e più",2010,1338
"562","Paesi esteri","Totale","65 anni e più",2011,1667
"563","Paesi esteri","Totale","65 anni e più",2012,1873
"564","Paesi esteri","Totale","65 anni e più",2013,3091
"565","Paesi esteri","Totale","65 anni e più",2014,3014
"566","Paesi esteri","Totale","65 anni e più",2015,3025
"567","Paesi esteri","Totale","65 anni e più",2016,3002
"568","Paesi esteri","Totale","65 anni e più",2017,3111
"569","Paesi esteri","Totale","65 anni e più",2018,3409
"570","Paesi esteri","Totale","65 anni e più",2019,4521
"571","Paesi esteri","Totale","65 anni e più",2020,4306
"572","Paesi esteri","Totale","65 anni e più",2021,7044
"573","Paesi esteri","Totale","65 anni e più",2022,6410
"574","Paesi esteri","Totale","65 anni e più",2023,7344
"575","Paesi esteri","Totale","65 anni e più",2024,7851
"576","Paesi esteri","Totale","65 anni e più",2025,8269
"577","Totale","Maschi","Fino a 17 anni",2002,3509
"578","Totale","Maschi","Fino a 17 anni",2003,4165
"579","Totale","Maschi","Fino a 17 anni",2004,3665
"580","Totale","Maschi","Fino a 17 anni",2005,4512
"581","Totale","Maschi","Fino a 17 anni",2006,4938
"582","Totale","Maschi","Fino a 17 anni",2007,4335
"583","Totale","Maschi","Fino a 17 anni",2008,5095
"584","Totale","Maschi","Fino a 17 anni",2009,5537
"585","Totale","Maschi","Fino a 17 anni",2010,6527
"586","Totale","Maschi","Fino a 17 anni",2011,7566
"587","Totale","Maschi","Fino a 17 anni",2012,8748
"588","Totale","Maschi","Fino a 17 anni",2013,11147
"589","Totale","Maschi","Fino a 17 anni",2014,13105
"590","Totale","Maschi","Fino a 17 anni",2015,14609
"591","Totale","Maschi","Fino a 17 anni",2016,15149
"592","Totale","Maschi","Fino a 17 anni",2017,14374
"593","Totale","Maschi","Fino a 17 anni",2018,14036
"594","Totale","Maschi","Fino a 17 anni",2019,13835
"595","Totale","Maschi","Fino a 17 anni",2020,14164
"596","Totale","Maschi","Fino a 17 anni",2021,13686
"597","Totale","Maschi","Fino a 17 anni",2022,11344
"598","Totale","Maschi","Fino a 17 anni",2023,10684
"599","Totale","Maschi","Fino a 17 anni",2024,12292
"600","Totale","Maschi","Fino a 17 anni",2025,8590
"601","Totale","Maschi","18-39 anni",2002,12450
"602","Totale","Maschi","18-39 anni",2003,13604
"603","Totale","Maschi","18-39 anni",2004,14218
"604","Totale","Maschi","18-39 anni",2005,14244
"605","Totale","Maschi","18-39 anni",2006,14823
"606","Totale","Maschi","18-39 anni",2007,14512
"607","Totale","Maschi","18-39 anni",2008,17928
"608","Totale","Maschi","18-39 anni",2009,18587
"609","Totale","Maschi","18-39 anni",2010,18164
"610","Totale","Maschi","18-39 anni",2011,21768
"611","Totale","Maschi","18-39 anni",2012,28139
"612","Totale","Maschi","18-39 anni",2013,33348
"613","Totale","Maschi","18-39 anni",2014,35569
"614","Totale","Maschi","18-39 anni",2015,37754
"615","Totale","Maschi","18-39 anni",2016,42186
"616","Totale","Maschi","18-39 anni",2017,41622
"617","Totale","Maschi","18-39 anni",2018,42904
"618","Totale","Maschi","18-39 anni",2019,50754
"619","Totale","Maschi","18-39 anni",2020,42549
"620","Totale","Maschi","18-39 anni",2021,43465
"621","Totale","Maschi","18-39 anni",2022,42545
"622","Totale","Maschi","18-39 anni",2023,46241
"623","Totale","Maschi","18-39 anni",2024,54998
"624","Totale","Maschi","18-39 anni",2025,40251
"625","Totale","Maschi","40-64 anni",2002,6185
"626","Totale","Maschi","40-64 anni",2003,7545
"627","Totale","Maschi","40-64 anni",2004,7677
"628","Totale","Maschi","40-64 anni",2005,8332
"629","Totale","Maschi","40-64 anni",2006,9199
"630","Totale","Maschi","40-64 anni",2007,7511
"631","Totale","Maschi","40-64 anni",2008,8846
"632","Totale","Maschi","40-64 anni",2009,9312
"633","Totale","Maschi","40-64 anni",2010,9721
"634","Totale","Maschi","40-64 anni",2011,12115
"635","Totale","Maschi","40-64 anni",2012,16746
"636","Totale","Maschi","40-64 anni",2013,19086
"637","Totale","Maschi","40-64 anni",2014,20296
"638","Totale","Maschi","40-64 anni",2015,21869
"639","Totale","Maschi","40-64 anni",2016,22136
"640","Totale","Maschi","40-64 anni",2017,21487
"641","Totale","Maschi","40-64 anni",2018,22020
"642","Totale","Maschi","40-64 anni",2019,25554
"643","Totale","Maschi","40-64 anni",2020,21884
"644","Totale","Maschi","40-64 anni",2021,22084
"645","Totale","Maschi","40-64 anni",2022,20365
"646","Totale","Maschi","40-64 anni",2023,21155
"647","Totale","Maschi","40-64 anni",2024,25527
"648","Totale","Maschi","40-64 anni",2025,19279
"649","Totale","Maschi","65 anni e più",2002,1342
"650","Totale","Maschi","65 anni e più",2003,1963
"651","Totale","Maschi","65 anni e più",2004,2043
"652","Totale","Maschi","65 anni e più",2005,2311
"653","Totale","Maschi","65 anni e più",2006,2821
"654","Totale","Maschi","65 anni e più",2007,1577
"655","Totale","Maschi","65 anni e più",2008,1799
"656","Totale","Maschi","65 anni e più",2009,1698
"657","Totale","Maschi","65 anni e più",2010,1752
"658","Totale","Maschi","65 anni e più",2011,2365
"659","Totale","Maschi","65 anni e più",2012,3358
"660","Totale","Maschi","65 anni e più",2013,3748
"661","Totale","Maschi","65 anni e più",2014,3607
"662","Totale","Maschi","65 anni e più",2015,4090
"663","Totale","Maschi","65 anni e più",2016,3775
"664","Totale","Maschi","65 anni e più",2017,4126
"665","Totale","Maschi","65 anni e più",2018,4018
"666","Totale","Maschi","65 anni e più",2019,4171
"667","Totale","Maschi","65 anni e più",2020,3734
"668","Totale","Maschi","65 anni e più",2021,3949
"669","Totale","Maschi","65 anni e più",2022,4187
"670","Totale","Maschi","65 anni e più",2023,4980
"671","Totale","Maschi","65 anni e più",2024,5007
"672","Totale","Maschi","65 anni e più",2025,5144
"673","Totale","Femmine","Fino a 17 anni",2002,3269
"674","Totale","Femmine","Fino a 17 anni",2003,3855
"675","Totale","Femmine","Fino a 17 anni",2004,3484
"676","Totale","Femmine","Fino a 17 anni",2005,4314
"677","Totale","Femmine","Fino a 17 anni",2006,4659
"678","Totale","Femmine","Fino a 17 anni",2007,4138
"679","Totale","Femmine","Fino a 17 anni",2008,4938
"680","Totale","Femmine","Fino a 17 anni",2009,5422
"681","Totale","Femmine","Fino a 17 anni",2010,6037
"682","Totale","Femmine","Fino a 17 anni",2011,7391
"683","Totale","Femmine","Fino a 17 anni",2012,8340
"684","Totale","Femmine","Fino a 17 anni",2013,10789
"685","Totale","Femmine","Fino a 17 anni",2014,12531
"686","Totale","Femmine","Fino a 17 anni",2015,13508
"687","Totale","Femmine","Fino a 17 anni",2016,14196
"688","Totale","Femmine","Fino a 17 anni",2017,13452
"689","Totale","Femmine","Fino a 17 anni",2018,13229
"690","Totale","Femmine","Fino a 17 anni",2019,13798
"691","Totale","Femmine","Fino a 17 anni",2020,14031
"692","Totale","Femmine","Fino a 17 anni",2021,12854
"693","Totale","Femmine","Fino a 17 anni",2022,10781
"694","Totale","Femmine","Fino a 17 anni",2023,10253
"695","Totale","Femmine","Fino a 17 anni",2024,11634
"696","Totale","Femmine","Fino a 17 anni",2025,8250
"697","Totale","Femmine","18-39 anni",2002,9336
"698","Totale","Femmine","18-39 anni",2003,10088
"699","Totale","Femmine","18-39 anni",2004,10952
"700","Totale","Femmine","18-39 anni",2005,11676
"701","Totale","Femmine","18-39 anni",2006,12304
"702","Totale","Femmine","18-39 anni",2007,11646
"703","Totale","Femmine","18-39 anni",2008,14168
"704","Totale","Femmine","18-39 anni",2009,14916
"705","Totale","Femmine","18-39 anni",2010,14962
"706","Totale","Femmine","18-39 anni",2011,18306
"707","Totale","Femmine","18-39 anni",2012,23307
"708","Totale","Femmine","18-39 anni",2013,27341
"709","Totale","Femmine","18-39 anni",2014,29999
"710","Totale","Femmine","18-39 anni",2015,32441
"711","Totale","Femmine","18-39 anni",2016,36850
"712","Totale","Femmine","18-39 anni",2017,36987
"713","Totale","Femmine","18-39 anni",2018,37369
"714","Totale","Femmine","18-39 anni",2019,43703
"715","Totale","Femmine","18-39 anni",2020,38619
"716","Totale","Femmine","18-39 anni",2021,35085
"717","Totale","Femmine","18-39 anni",2022,34451
"718","Totale","Femmine","18-39 anni",2023,37770
"719","Totale","Femmine","18-39 anni",2024,48465
"720","Totale","Femmine","18-39 anni",2025,35267
"721","Totale","Femmine","40-64 anni",2002,4173
"722","Totale","Femmine","40-64 anni",2003,5377
"723","Totale","Femmine","40-64 anni",2004,5735
"724","Totale","Femmine","40-64 anni",2005,6154
"725","Totale","Femmine","40-64 anni",2006,6749
"726","Totale","Femmine","40-64 anni",2007,5548
"727","Totale","Femmine","40-64 anni",2008,7042
"728","Totale","Femmine","40-64 anni",2009,7626
"729","Totale","Femmine","40-64 anni",2010,8404
"730","Totale","Femmine","40-64 anni",2011,10429
"731","Totale","Femmine","40-64 anni",2012,14181
"732","Totale","Femmine","40-64 anni",2013,16021
"733","Totale","Femmine","40-64 anni",2014,17087
"734","Totale","Femmine","40-64 anni",2015,18258
"735","Totale","Femmine","40-64 anni",2016,18715
"736","Totale","Femmine","40-64 anni",2017,18823
"737","Totale","Femmine","40-64 anni",2018,19068
"738","Totale","Femmine","40-64 anni",2019,22741
"739","Totale","Femmine","40-64 anni",2020,19250
"740","Totale","Femmine","40-64 anni",2021,20179
"741","Totale","Femmine","40-64 anni",2022,19582
"742","Totale","Femmine","40-64 anni",2023,18978
"743","Totale","Femmine","40-64 anni",2024,22258
"744","Totale","Femmine","40-64 anni",2025,18069
"745","Totale","Femmine","65 anni e più",2002,1492
"746","Totale","Femmine","65 anni e più",2003,2109
"747","Totale","Femmine","65 anni e più",2004,2136
"748","Totale","Femmine","65 anni e più",2005,2388
"749","Totale","Femmine","65 anni e più",2006,2914
"750","Totale","Femmine","65 anni e più",2007,1846
"751","Totale","Femmine","65 anni e più",2008,1855
"752","Totale","Femmine","65 anni e più",2009,1823
"753","Totale","Femmine","65 anni e più",2010,1934
"754","Totale","Femmine","65 anni e più",2011,2521
"755","Totale","Femmine","65 anni e più",2012,3397
"756","Totale","Femmine","65 anni e più",2013,4255
"757","Totale","Femmine","65 anni e più",2014,4134
"758","Totale","Femmine","65 anni e più",2015,4426
"759","Totale","Femmine","65 anni e più",2016,4058
"760","Totale","Femmine","65 anni e più",2017,4239
"761","Totale","Femmine","65 anni e più",2018,4316
"762","Totale","Femmine","65 anni e più",2019,4949
"763","Totale","Femmine","65 anni e più",2020,5653
"764","Totale","Femmine","65 anni e più",2021,7010
"765","Totale","Femmine","65 anni e più",2022,6934
"766","Totale","Femmine","65 anni e più",2023,8377
"767","Totale","Femmine","65 anni e più",2024,8722
"768","Totale","Femmine","65 anni e più",2025,9307
"769","Totale","Totale","Fino a 17 anni",2002,6778
"770","Totale","Totale","Fino a 17 anni",2003,8020
"771","Totale","Totale","Fino a 17 anni",2004,7149
"772","Totale","Totale","Fino a 17 anni",2005,8826
"773","Totale","Totale","Fino a 17 anni",2006,9597
"774","Totale","Totale","Fino a 17 anni",2007,8473
"775","Totale","Totale","Fino a 17 anni",2008,10033
"776","Totale","Totale","Fino a 17 anni",2009,10959
"777","Totale","Totale","Fino a 17 anni",2010,12564
"778","Totale","Totale","Fino a 17 anni",2011,14957
"779","Totale","Totale","Fino a 17 anni",2012,17088
"780","Totale","Totale","Fino a 17 anni",2013,21936
"781","Totale","Totale","Fino a 17 anni",2014,25636
"782","Totale","Totale","Fino a 17 anni",2015,28117
"783","Totale","Totale","Fino a 17 anni",2016,29345
"784","Totale","Totale","Fino a 17 anni",2017,27826
"785","Totale","Totale","Fino a 17 anni",2018,27265
"786","Totale","Totale","Fino a 17 anni",2019,27633
"787","Totale","Totale","Fino a 17 anni",2020,28195
"788","Totale","Totale","Fino a 17 anni",2021,26540
"789","Totale","Totale","Fino a 17 anni",2022,22125
"790","Totale","Totale","Fino a 17 anni",2023,20937
"791","Totale","Totale","Fino a 17 anni",2024,23926
"792","Totale","Totale","Fino a 17 anni",2025,16840
"793","Totale","Totale","18-39 anni",2002,21786
"794","Totale","Totale","18-39 anni",2003,23692
"795","Totale","Totale","18-39 anni",2004,25170
"796","Totale","Totale","18-39 anni",2005,25920
"797","Totale","Totale","18-39 anni",2006,27127
"798","Totale","Totale","18-39 anni",2007,26158
"799","Totale","Totale","18-39 anni",2008,32096
"800","Totale","Totale","18-39 anni",2009,33503
"801","Totale","Totale","18-39 anni",2010,33126
"802","Totale","Totale","18-39 anni",2011,40074
"803","Totale","Totale","18-39 anni",2012,51446
"804","Totale","Totale","18-39 anni",2013,60689
"805","Totale","Totale","18-39 anni",2014,65568
"806","Totale","Totale","18-39 anni",2015,70195
"807","Totale","Totale","18-39 anni",2016,79036
"808","Totale","Totale","18-39 anni",2017,78609
"809","Totale","Totale","18-39 anni",2018,80273
"810","Totale","Totale","18-39 anni",2019,94457
"811","Totale","Totale","18-39 anni",2020,81168
"812","Totale","Totale","18-39 anni",2021,78550
"813","Totale","Totale","18-39 anni",2022,76996
"814","Totale","Totale","18-39 anni",2023,84011
"815","Totale","Totale","18-39 anni",2024,103463
"816","Totale","Totale","18-39 anni",2025,75518
"817","Totale","Totale","40-64 anni",2002,10358
"818","Totale","Totale","40-64 anni",2003,12922
"819","Totale","Totale","40-64 anni",2004,13412
"820","Totale","Totale","40-64 anni",2005,14486
"821","Totale","Totale","40-64 anni",2006,15948
"822","Totale","Totale","40-64 anni",2007,13059
"823","Totale","Totale","40-64 anni",2008,15888
"824","Totale","Totale","40-64 anni",2009,16938
"825","Totale","Totale","40-64 anni",2010,18125
"826","Totale","Totale","40-64 anni",2011,22544
"827","Totale","Totale","40-64 anni",2012,30927
"828","Totale","Totale","40-64 anni",2013,35107
"829","Totale","Totale","40-64 anni",2014,37383
"830","Totale","Totale","40-64 anni",2015,40127
"831","Totale","Totale","40-64 anni",2016,40851
"832","Totale","Totale","40-64 anni",2017,40310
"833","Totale","Totale","40-64 anni",2018,41088
"834","Totale","Totale","40-64 anni",2019,48295
"835","Totale","Totale","40-64 anni",2020,41134
"836","Totale","Totale","40-64 anni",2021,42263
"837","Totale","Totale","40-64 anni",2022,39947
"838","Totale","Totale","40-64 anni",2023,40133
"839","Totale","Totale","40-64 anni",2024,47785
"840","Totale","Totale","40-64 anni",2025,37348
"841","Totale","Totale","65 anni e più",2002,2834
"842","Totale","Totale","65 anni e più",2003,4072
"843","Totale","Totale","65 anni e più",2004,4179
"844","Totale","Totale","65 anni e più",2005,4699
"845","Totale","Totale","65 anni e più",2006,5735
"846","Totale","Totale","65 anni e più",2007,3423
"847","Totale","Totale","65 anni e più",2008,3654
"848","Totale","Totale","65 anni e più",2009,3521
"849","Totale","Totale","65 anni e più",2010,3686
"850","Totale","Totale","65 anni e più",2011,4886
"851","Totale","Totale","65 anni e più",2012,6755
"852","Totale","Totale","65 anni e più",2013,8003
"853","Totale","Totale","65 anni e più",2014,7741
"854","Totale","Totale","65 anni e più",2015,8516
"855","Totale","Totale","65 anni e più",2016,7833
"856","Totale","Totale","65 anni e più",2017,8365
"857","Totale","Totale","65 anni e più",2018,8334
"858","Totale","Totale","65 anni e più",2019,9120
"859","Totale","Totale","65 anni e più",2020,9387
"860","Totale","Totale","65 anni e più",2021,10959
"861","Totale","Totale","65 anni e più",2022,11121
"862","Totale","Totale","65 anni e più",2023,13357
"863","Totale","Totale","65 anni e più",2024,13729
"864","Totale","Totale","65 anni e più",2025,14451
