"","origine","sex","age","year","immigrati"
"1","Italia","Maschi","Fino a 17 anni",2002,5110
"2","Italia","Maschi","Fino a 17 anni",2003,5404
"3","Italia","Maschi","Fino a 17 anni",2004,3917
"4","Italia","Maschi","Fino a 17 anni",2005,4325
"5","Italia","Maschi","Fino a 17 anni",2006,4211
"6","Italia","Maschi","Fino a 17 anni",2007,4138
"7","Italia","Maschi","Fino a 17 anni",2008,3728
"8","Italia","Maschi","Fino a 17 anni",2009,3339
"9","Italia","Maschi","Fino a 17 anni",2010,3247
"10","Italia","Maschi","Fino a 17 anni",2011,3543
"11","Italia","Maschi","Fino a 17 anni",2012,3395
"12","Italia","Maschi","Fino a 17 anni",2013,3096
"13","Italia","Maschi","Fino a 17 anni",2014,3273
"14","Italia","Maschi","Fino a 17 anni",2015,3116
"15","Italia","Maschi","Fino a 17 anni",2016,4165
"16","Italia","Maschi","Fino a 17 anni",2017,4380
"17","Italia","Maschi","Fino a 17 anni",2018,4976
"18","Italia","Maschi","Fino a 17 anni",2019,6773
"19","Italia","Maschi","Fino a 17 anni",2020,6748
"20","Italia","Maschi","Fino a 17 anni",2021,8161
"21","Italia","Maschi","Fino a 17 anni",2022,8817
"22","Italia","Maschi","Fino a 17 anni",2023,6906
"23","Italia","Maschi","Fino a 17 anni",2024,6660
"24","Italia","Maschi","Fino a 17 anni",2025,5287
"25","Italia","Maschi","18-39 anni",2002,10020
"26","Italia","Maschi","18-39 anni",2003,10804
"27","Italia","Maschi","18-39 anni",2004,8706
"28","Italia","Maschi","18-39 anni",2005,7973
"29","Italia","Maschi","18-39 anni",2006,7551
"30","Italia","Maschi","18-39 anni",2007,7403
"31","Italia","Maschi","18-39 anni",2008,6351
"32","Italia","Maschi","18-39 anni",2009,5705
"33","Italia","Maschi","18-39 anni",2010,5355
"34","Italia","Maschi","18-39 anni",2011,5617
"35","Italia","Maschi","18-39 anni",2012,5178
"36","Italia","Maschi","18-39 anni",2013,5118
"37","Italia","Maschi","18-39 anni",2014,5456
"38","Italia","Maschi","18-39 anni",2015,5971
"39","Italia","Maschi","18-39 anni",2016,8034
"40","Italia","Maschi","18-39 anni",2017,8967
"41","Italia","Maschi","18-39 anni",2018,10332
"42","Italia","Maschi","18-39 anni",2019,13867
"43","Italia","Maschi","18-39 anni",2020,11745
"44","Italia","Maschi","18-39 anni",2021,16639
"45","Italia","Maschi","18-39 anni",2022,14900
"46","Italia","Maschi","18-39 anni",2023,12963
"47","Italia","Maschi","18-39 anni",2024,12576
"48","Italia","Maschi","18-39 anni",2025,12971
"49","Italia","Maschi","40-64 anni",2002,7138
"50","Italia","Maschi","40-64 anni",2003,7118
"51","Italia","Maschi","40-64 anni",2004,6284
"52","Italia","Maschi","40-64 anni",2005,6131
"53","Italia","Maschi","40-64 anni",2006,6296
"54","Italia","Maschi","40-64 anni",2007,6021
"55","Italia","Maschi","40-64 anni",2008,5222
"56","Italia","Maschi","40-64 anni",2009,5130
"57","Italia","Maschi","40-64 anni",2010,4990
"58","Italia","Maschi","40-64 anni",2011,5477
"59","Italia","Maschi","40-64 anni",2012,5252
"60","Italia","Maschi","40-64 anni",2013,4945
"61","Italia","Maschi","40-64 anni",2014,5094
"62","Italia","Maschi","40-64 anni",2015,5736
"63","Italia","Maschi","40-64 anni",2016,6915
"64","Italia","Maschi","40-64 anni",2017,7881
"65","Italia","Maschi","40-64 anni",2018,8352
"66","Italia","Maschi","40-64 anni",2019,13656
"67","Italia","Maschi","40-64 anni",2020,10144
"68","Italia","Maschi","40-64 anni",2021,12713
"69","Italia","Maschi","40-64 anni",2022,14027
"70","Italia","Maschi","40-64 anni",2023,11122
"71","Italia","Maschi","40-64 anni",2024,9846
"72","Italia","Maschi","40-64 anni",2025,9689
"73","Italia","Maschi","65 anni e più",2002,2625
"74","Italia","Maschi","65 anni e più",2003,2987
"75","Italia","Maschi","65 anni e più",2004,2837
"76","Italia","Maschi","65 anni e più",2005,2699
"77","Italia","Maschi","65 anni e più",2006,2874
"78","Italia","Maschi","65 anni e più",2007,2486
"79","Italia","Maschi","65 anni e più",2008,2311
"80","Italia","Maschi","65 anni e più",2009,2213
"81","Italia","Maschi","65 anni e più",2010,2079
"82","Italia","Maschi","65 anni e più",2011,2305
"83","Italia","Maschi","65 anni e più",2012,2250
"84","Italia","Maschi","65 anni e più",2013,2552
"85","Italia","Maschi","65 anni e più",2014,2420
"86","Italia","Maschi","65 anni e più",2015,2263
"87","Italia","Maschi","65 anni e più",2016,2629
"88","Italia","Maschi","65 anni e più",2017,2824
"89","Italia","Maschi","65 anni e più",2018,2998
"90","Italia","Maschi","65 anni e più",2019,4083
"91","Italia","Maschi","65 anni e più",2020,2850
"92","Italia","Maschi","65 anni e più",2021,4199
"93","Italia","Maschi","65 anni e più",2022,4387
"94","Italia","Maschi","65 anni e più",2023,3879
"95","Italia","Maschi","65 anni e più",2024,3807
"96","Italia","Maschi","65 anni e più",2025,3719
"97","Italia","Maschi","Totale",2002,24893
"98","Italia","Maschi","Totale",2003,26313
"99","Italia","Maschi","Totale",2004,21744
"100","Italia","Maschi","Totale",2005,21128
"101","Italia","Maschi","Totale",2006,20932
"102","Italia","Maschi","Totale",2007,20048
"103","Italia","Maschi","Totale",2008,17612
"104","Italia","Maschi","Totale",2009,16387
"105","Italia","Maschi","Totale",2010,15671
"106","Italia","Maschi","Totale",2011,16942
"107","Italia","Maschi","Totale",2012,16075
"108","Italia","Maschi","Totale",2013,15711
"109","Italia","Maschi","Totale",2014,16243
"110","Italia","Maschi","Totale",2015,17086
"111","Italia","Maschi","Totale",2016,21743
"112","Italia","Maschi","Totale",2017,24052
"113","Italia","Maschi","Totale",2018,26658
"114","Italia","Maschi","Totale",2019,38379
"115","Italia","Maschi","Totale",2020,31487
"116","Italia","Maschi","Totale",2021,41712
"117","Italia","Maschi","Totale",2022,42131
"118","Italia","Maschi","Totale",2023,34870
"119","Italia","Maschi","Totale",2024,32889
"120","Italia","Maschi","Totale",2025,31666
"121","Italia","Femmine","Fino a 17 anni",2002,4864
"122","Italia","Femmine","Fino a 17 anni",2003,4863
"123","Italia","Femmine","Fino a 17 anni",2004,3785
"124","Italia","Femmine","Fino a 17 anni",2005,3906
"125","Italia","Femmine","Fino a 17 anni",2006,4025
"126","Italia","Femmine","Fino a 17 anni",2007,3881
"127","Italia","Femmine","Fino a 17 anni",2008,3427
"128","Italia","Femmine","Fino a 17 anni",2009,3047
"129","Italia","Femmine","Fino a 17 anni",2010,2993
"130","Italia","Femmine","Fino a 17 anni",2011,3529
"131","Italia","Femmine","Fino a 17 anni",2012,3284
"132","Italia","Femmine","Fino a 17 anni",2013,2981
"133","Italia","Femmine","Fino a 17 anni",2014,3147
"134","Italia","Femmine","Fino a 17 anni",2015,3025
"135","Italia","Femmine","Fino a 17 anni",2016,3682
"136","Italia","Femmine","Fino a 17 anni",2017,4120
"137","Italia","Femmine","Fino a 17 anni",2018,4498
"138","Italia","Femmine","Fino a 17 anni",2019,6962
"139","Italia","Femmine","Fino a 17 anni",2020,6373
"140","Italia","Femmine","Fino a 17 anni",2021,7591
"141","Italia","Femmine","Fino a 17 anni",2022,8340
"142","Italia","Femmine","Fino a 17 anni",2023,6617
"143","Italia","Femmine","Fino a 17 anni",2024,6074
"144","Italia","Femmine","Fino a 17 anni",2025,4820
"145","Italia","Femmine","18-39 anni",2002,7952
"146","Italia","Femmine","18-39 anni",2003,8670
"147","Italia","Femmine","18-39 anni",2004,8702
"148","Italia","Femmine","18-39 anni",2005,6055
"149","Italia","Femmine","18-39 anni",2006,6195
"150","Italia","Femmine","18-39 anni",2007,6345
"151","Italia","Femmine","18-39 anni",2008,5485
"152","Italia","Femmine","18-39 anni",2009,4804
"153","Italia","Femmine","18-39 anni",2010,4688
"154","Italia","Femmine","18-39 anni",2011,5240
"155","Italia","Femmine","18-39 anni",2012,4722
"156","Italia","Femmine","18-39 anni",2013,4410
"157","Italia","Femmine","18-39 anni",2014,4775
"158","Italia","Femmine","18-39 anni",2015,4898
"159","Italia","Femmine","18-39 anni",2016,6605
"160","Italia","Femmine","18-39 anni",2017,7506
"161","Italia","Femmine","18-39 anni",2018,8463
"162","Italia","Femmine","18-39 anni",2019,11710
"163","Italia","Femmine","18-39 anni",2020,10124
"164","Italia","Femmine","18-39 anni",2021,13879
"165","Italia","Femmine","18-39 anni",2022,12574
"166","Italia","Femmine","18-39 anni",2023,10756
"167","Italia","Femmine","18-39 anni",2024,10811
"168","Italia","Femmine","18-39 anni",2025,11293
"169","Italia","Femmine","40-64 anni",2002,4887
"170","Italia","Femmine","40-64 anni",2003,5488
"171","Italia","Femmine","40-64 anni",2004,5464
"172","Italia","Femmine","40-64 anni",2005,4211
"173","Italia","Femmine","40-64 anni",2006,4435
"174","Italia","Femmine","40-64 anni",2007,4664
"175","Italia","Femmine","40-64 anni",2008,3877
"176","Italia","Femmine","40-64 anni",2009,3531
"177","Italia","Femmine","40-64 anni",2010,3511
"178","Italia","Femmine","40-64 anni",2011,4028
"179","Italia","Femmine","40-64 anni",2012,3611
"180","Italia","Femmine","40-64 anni",2013,3566
"181","Italia","Femmine","40-64 anni",2014,3448
"182","Italia","Femmine","40-64 anni",2015,3510
"183","Italia","Femmine","40-64 anni",2016,4176
"184","Italia","Femmine","40-64 anni",2017,4844
"185","Italia","Femmine","40-64 anni",2018,5258
"186","Italia","Femmine","40-64 anni",2019,8268
"187","Italia","Femmine","40-64 anni",2020,6104
"188","Italia","Femmine","40-64 anni",2021,8718
"189","Italia","Femmine","40-64 anni",2022,8753
"190","Italia","Femmine","40-64 anni",2023,6694
"191","Italia","Femmine","40-64 anni",2024,6406
"192","Italia","Femmine","40-64 anni",2025,6512
"193","Italia","Femmine","65 anni e più",2002,1880
"194","Italia","Femmine","65 anni e più",2003,2196
"195","Italia","Femmine","65 anni e più",2004,2099
"196","Italia","Femmine","65 anni e più",2005,2026
"197","Italia","Femmine","65 anni e più",2006,2079
"198","Italia","Femmine","65 anni e più",2007,1755
"199","Italia","Femmine","65 anni e più",2008,1717
"200","Italia","Femmine","65 anni e più",2009,1561
"201","Italia","Femmine","65 anni e più",2010,1329
"202","Italia","Femmine","65 anni e più",2011,1727
"203","Italia","Femmine","65 anni e più",2012,1775
"204","Italia","Femmine","65 anni e più",2013,1765
"205","Italia","Femmine","65 anni e più",2014,1658
"206","Italia","Femmine","65 anni e più",2015,1533
"207","Italia","Femmine","65 anni e più",2016,1688
"208","Italia","Femmine","65 anni e più",2017,1847
"209","Italia","Femmine","65 anni e più",2018,1947
"210","Italia","Femmine","65 anni e più",2019,2888
"211","Italia","Femmine","65 anni e più",2020,1672
"212","Italia","Femmine","65 anni e più",2021,2859
"213","Italia","Femmine","65 anni e più",2022,2692
"214","Italia","Femmine","65 anni e più",2023,2349
"215","Italia","Femmine","65 anni e più",2024,2288
"216","Italia","Femmine","65 anni e più",2025,2160
"217","Italia","Femmine","Totale",2002,19583
"218","Italia","Femmine","Totale",2003,21217
"219","Italia","Femmine","Totale",2004,20050
"220","Italia","Femmine","Totale",2005,16198
"221","Italia","Femmine","Totale",2006,16734
"222","Italia","Femmine","Totale",2007,16645
"223","Italia","Femmine","Totale",2008,14506
"224","Italia","Femmine","Totale",2009,12943
"225","Italia","Femmine","Totale",2010,12521
"226","Italia","Femmine","Totale",2011,14524
"227","Italia","Femmine","Totale",2012,13392
"228","Italia","Femmine","Totale",2013,12722
"229","Italia","Femmine","Totale",2014,13028
"230","Italia","Femmine","Totale",2015,12966
"231","Italia","Femmine","Totale",2016,16151
"232","Italia","Femmine","Totale",2017,18317
"233","Italia","Femmine","Totale",2018,20166
"234","Italia","Femmine","Totale",2019,29828
"235","Italia","Femmine","Totale",2020,24273
"236","Italia","Femmine","Totale",2021,33047
"237","Italia","Femmine","Totale",2022,32359
"238","Italia","Femmine","Totale",2023,26416
"239","Italia","Femmine","Totale",2024,25579
"240","Italia","Femmine","Totale",2025,24785
"241","Italia","Totale","Fino a 17 anni",2002,9974
"242","Italia","Totale","Fino a 17 anni",2003,10267
"243","Italia","Totale","Fino a 17 anni",2004,7702
"244","Italia","Totale","Fino a 17 anni",2005,8231
"245","Italia","Totale","Fino a 17 anni",2006,8236
"246","Italia","Totale","Fino a 17 anni",2007,8019
"247","Italia","Totale","Fino a 17 anni",2008,7155
"248","Italia","Totale","Fino a 17 anni",2009,6386
"249","Italia","Totale","Fino a 17 anni",2010,6240
"250","Italia","Totale","Fino a 17 anni",2011,7072
"251","Italia","Totale","Fino a 17 anni",2012,6679
"252","Italia","Totale","Fino a 17 anni",2013,6077
"253","Italia","Totale","Fino a 17 anni",2014,6420
"254","Italia","Totale","Fino a 17 anni",2015,6141
"255","Italia","Totale","Fino a 17 anni",2016,7847
"256","Italia","Totale","Fino a 17 anni",2017,8500
"257","Italia","Totale","Fino a 17 anni",2018,9474
"258","Italia","Totale","Fino a 17 anni",2019,13735
"259","Italia","Totale","Fino a 17 anni",2020,13121
"260","Italia","Totale","Fino a 17 anni",2021,15752
"261","Italia","Totale","Fino a 17 anni",2022,17157
"262","Italia","Totale","Fino a 17 anni",2023,13523
"263","Italia","Totale","Fino a 17 anni",2024,12734
"264","Italia","Totale","Fino a 17 anni",2025,10107
"265","Italia","Totale","18-39 anni",2002,17972
"266","Italia","Totale","18-39 anni",2003,19474
"267","Italia","Totale","18-39 anni",2004,17408
"268","Italia","Totale","18-39 anni",2005,14028
"269","Italia","Totale","18-39 anni",2006,13746
"270","Italia","Totale","18-39 anni",2007,13748
"271","Italia","Totale","18-39 anni",2008,11836
"272","Italia","Totale","18-39 anni",2009,10509
"273","Italia","Totale","18-39 anni",2010,10043
"274","Italia","Totale","18-39 anni",2011,10857
"275","Italia","Totale","18-39 anni",2012,9900
"276","Italia","Totale","18-39 anni",2013,9528
"277","Italia","Totale","18-39 anni",2014,10231
"278","Italia","Totale","18-39 anni",2015,10869
"279","Italia","Totale","18-39 anni",2016,14639
"280","Italia","Totale","18-39 anni",2017,16473
"281","Italia","Totale","18-39 anni",2018,18795
"282","Italia","Totale","18-39 anni",2019,25577
"283","Italia","Totale","18-39 anni",2020,21869
"284","Italia","Totale","18-39 anni",2021,30518
"285","Italia","Totale","18-39 anni",2022,27474
"286","Italia","Totale","18-39 anni",2023,23719
"287","Italia","Totale","18-39 anni",2024,23387
"288","Italia","Totale","18-39 anni",2025,24264
"289","Italia","Totale","40-64 anni",2002,12025
"290","Italia","Totale","40-64 anni",2003,12606
"291","Italia","Totale","40-64 anni",2004,11748
"292","Italia","Totale","40-64 anni",2005,10342
"293","Italia","Totale","40-64 anni",2006,10731
"294","Italia","Totale","40-64 anni",2007,10685
"295","Italia","Totale","40-64 anni",2008,9099
"296","Italia","Totale","40-64 anni",2009,8661
"297","Italia","Totale","40-64 anni",2010,8501
"298","Italia","Totale","40-64 anni",2011,9505
"299","Italia","Totale","40-64 anni",2012,8863
"300","Italia","Totale","40-64 anni",2013,8511
"301","Italia","Totale","40-64 anni",2014,8542
"302","Italia","Totale","40-64 anni",2015,9246
"303","Italia","Totale","40-64 anni",2016,11091
"304","Italia","Totale","40-64 anni",2017,12725
"305","Italia","Totale","40-64 anni",2018,13610
"306","Italia","Totale","40-64 anni",2019,21924
"307","Italia","Totale","40-64 anni",2020,16248
"308","Italia","Totale","40-64 anni",2021,21431
"309","Italia","Totale","40-64 anni",2022,22780
"310","Italia","Totale","40-64 anni",2023,17816
"311","Italia","Totale","40-64 anni",2024,16252
"312","Italia","Totale","40-64 anni",2025,16201
"313","Italia","Totale","65 anni e più",2002,4505
"314","Italia","Totale","65 anni e più",2003,5183
"315","Italia","Totale","65 anni e più",2004,4936
"316","Italia","Totale","65 anni e più",2005,4725
"317","Italia","Totale","65 anni e più",2006,4953
"318","Italia","Totale","65 anni e più",2007,4241
"319","Italia","Totale","65 anni e più",2008,4028
"320","Italia","Totale","65 anni e più",2009,3774
"321","Italia","Totale","65 anni e più",2010,3408
"322","Italia","Totale","65 anni e più",2011,4032
"323","Italia","Totale","65 anni e più",2012,4025
"324","Italia","Totale","65 anni e più",2013,4317
"325","Italia","Totale","65 anni e più",2014,4078
"326","Italia","Totale","65 anni e più",2015,3796
"327","Italia","Totale","65 anni e più",2016,4317
"328","Italia","Totale","65 anni e più",2017,4671
"329","Italia","Totale","65 anni e più",2018,4945
"330","Italia","Totale","65 anni e più",2019,6971
"331","Italia","Totale","65 anni e più",2020,4522
"332","Italia","Totale","65 anni e più",2021,7058
"333","Italia","Totale","65 anni e più",2022,7079
"334","Italia","Totale","65 anni e più",2023,6228
"335","Italia","Totale","65 anni e più",2024,6095
"336","Italia","Totale","65 anni e più",2025,5879
"337","Italia","Totale","Totale",2002,44476
"338","Italia","Totale","Totale",2003,47530
"339","Italia","Totale","Totale",2004,41794
"340","Italia","Totale","Totale",2005,37326
"341","Italia","Totale","Totale",2006,37666
"342","Italia","Totale","Totale",2007,36693
"343","Italia","Totale","Totale",2008,32118
"344","Italia","Totale","Totale",2009,29330
"345","Italia","Totale","Totale",2010,28192
"346","Italia","Totale","Totale",2011,31466
"347","Italia","Totale","Totale",2012,29467
"348","Italia","Totale","Totale",2013,28433
"349","Italia","Totale","Totale",2014,29271
"350","Italia","Totale","Totale",2015,30052
"351","Italia","Totale","Totale",2016,37894
"352","Italia","Totale","Totale",2017,42369
"353","Italia","Totale","Totale",2018,46824
"354","Italia","Totale","Totale",2019,68207
"355","Italia","Totale","Totale",2020,55760
"356","Italia","Totale","Totale",2021,74759
"357","Italia","Totale","Totale",2022,74490
"358","Italia","Totale","Totale",2023,61286
"359","Italia","Totale","Totale",2024,58468
"360","Italia","Totale","Totale",2025,56451
"361","Paesi esteri","Maschi","Fino a 17 anni",2002,20963
"362","Paesi esteri","Maschi","Fino a 17 anni",2003,22722
"363","Paesi esteri","Maschi","Fino a 17 anni",2004,28819
"364","Paesi esteri","Maschi","Fino a 17 anni",2005,34300
"365","Paesi esteri","Maschi","Fino a 17 anni",2006,28649
"366","Paesi esteri","Maschi","Fino a 17 anni",2007,41394
"367","Paesi esteri","Maschi","Fino a 17 anni",2008,41159
"368","Paesi esteri","Maschi","Fino a 17 anni",2009,36654
"369","Paesi esteri","Maschi","Fino a 17 anni",2010,34150
"370","Paesi esteri","Maschi","Fino a 17 anni",2011,31037
"371","Paesi esteri","Maschi","Fino a 17 anni",2012,28405
"372","Paesi esteri","Maschi","Fino a 17 anni",2013,24505
"373","Paesi esteri","Maschi","Fino a 17 anni",2014,21433
"374","Paesi esteri","Maschi","Fino a 17 anni",2015,22507
"375","Paesi esteri","Maschi","Fino a 17 anni",2016,22898
"376","Paesi esteri","Maschi","Fino a 17 anni",2017,26507
"377","Paesi esteri","Maschi","Fino a 17 anni",2018,26933
"378","Paesi esteri","Maschi","Fino a 17 anni",2019,27197
"379","Paesi esteri","Maschi","Fino a 17 anni",2020,18800
"380","Paesi esteri","Maschi","Fino a 17 anni",2021,23162
"381","Paesi esteri","Maschi","Fino a 17 anni",2022,34502
"382","Paesi esteri","Maschi","Fino a 17 anni",2023,39458
"383","Paesi esteri","Maschi","Fino a 17 anni",2024,40643
"384","Paesi esteri","Maschi","Fino a 17 anni",2025,39402
"385","Paesi esteri","Maschi","18-39 anni",2002,46395
"386","Paesi esteri","Maschi","18-39 anni",2003,139452
"387","Paesi esteri","Maschi","18-39 anni",2004,130913
"388","Paesi esteri","Maschi","18-39 anni",2005,70607
"389","Paesi esteri","Maschi","18-39 anni",2006,62144
"390","Paesi esteri","Maschi","18-39 anni",2007,147401
"391","Paesi esteri","Maschi","18-39 anni",2008,134924
"392","Paesi esteri","Maschi","18-39 anni",2009,110299
"393","Paesi esteri","Maschi","18-39 anni",2010,122391
"394","Paesi esteri","Maschi","18-39 anni",2011,109203
"395","Paesi esteri","Maschi","18-39 anni",2012,101283
"396","Paesi esteri","Maschi","18-39 anni",2013,83812
"397","Paesi esteri","Maschi","18-39 anni",2014,79968
"398","Paesi esteri","Maschi","18-39 anni",2015,90532
"399","Paesi esteri","Maschi","18-39 anni",2016,102891
"400","Paesi esteri","Maschi","18-39 anni",2017,125504
"401","Paesi esteri","Maschi","18-39 anni",2018,106787
"402","Paesi esteri","Maschi","18-39 anni",2019,73656
"403","Paesi esteri","Maschi","18-39 anni",2020,57516
"404","Paesi esteri","Maschi","18-39 anni",2021,78148
"405","Paesi esteri","Maschi","18-39 anni",2022,104429
"406","Paesi esteri","Maschi","18-39 anni",2023,128942
"407","Paesi esteri","Maschi","18-39 anni",2024,143899
"408","Paesi esteri","Maschi","18-39 anni",2025,138602
"409","Paesi esteri","Maschi","40-64 anni",2002,11186
"410","Paesi esteri","Maschi","40-64 anni",2003,25951
"411","Paesi esteri","Maschi","40-64 anni",2004,28270
"412","Paesi esteri","Maschi","40-64 anni",2005,17904
"413","Paesi esteri","Maschi","40-64 anni",2006,16084
"414","Paesi esteri","Maschi","40-64 anni",2007,32431
"415","Paesi esteri","Maschi","40-64 anni",2008,32319
"416","Paesi esteri","Maschi","40-64 anni",2009,26269
"417","Paesi esteri","Maschi","40-64 anni",2010,28061
"418","Paesi esteri","Maschi","40-64 anni",2011,26306
"419","Paesi esteri","Maschi","40-64 anni",2012,23734
"420","Paesi esteri","Maschi","40-64 anni",2013,21271
"421","Paesi esteri","Maschi","40-64 anni",2014,19123
"422","Paesi esteri","Maschi","40-64 anni",2015,18403
"423","Paesi esteri","Maschi","40-64 anni",2016,18788
"424","Paesi esteri","Maschi","40-64 anni",2017,20745
"425","Paesi esteri","Maschi","40-64 anni",2018,21255
"426","Paesi esteri","Maschi","40-64 anni",2019,25684
"427","Paesi esteri","Maschi","40-64 anni",2020,17938
"428","Paesi esteri","Maschi","40-64 anni",2021,22157
"429","Paesi esteri","Maschi","40-64 anni",2022,32572
"430","Paesi esteri","Maschi","40-64 anni",2023,36701
"431","Paesi esteri","Maschi","40-64 anni",2024,37950
"432","Paesi esteri","Maschi","40-64 anni",2025,38553
"433","Paesi esteri","Maschi","65 anni e più",2002,1482
"434","Paesi esteri","Maschi","65 anni e più",2003,1577
"435","Paesi esteri","Maschi","65 anni e più",2004,2030
"436","Paesi esteri","Maschi","65 anni e più",2005,1853
"437","Paesi esteri","Maschi","65 anni e più",2006,1504
"438","Paesi esteri","Maschi","65 anni e più",2007,2084
"439","Paesi esteri","Maschi","65 anni e più",2008,3827
"440","Paesi esteri","Maschi","65 anni e più",2009,3161
"441","Paesi esteri","Maschi","65 anni e più",2010,2482
"442","Paesi esteri","Maschi","65 anni e più",2011,2180
"443","Paesi esteri","Maschi","65 anni e più",2012,2099
"444","Paesi esteri","Maschi","65 anni e più",2013,2813
"445","Paesi esteri","Maschi","65 anni e più",2014,2363
"446","Paesi esteri","Maschi","65 anni e più",2015,2474
"447","Paesi esteri","Maschi","65 anni e più",2016,2771
"448","Paesi esteri","Maschi","65 anni e più",2017,3132
"449","Paesi esteri","Maschi","65 anni e più",2018,3308
"450","Paesi esteri","Maschi","65 anni e più",2019,4005
"451","Paesi esteri","Maschi","65 anni e più",2020,2547
"452","Paesi esteri","Maschi","65 anni e più",2021,2778
"453","Paesi esteri","Maschi","65 anni e più",2022,4300
"454","Paesi esteri","Maschi","65 anni e più",2023,5159
"455","Paesi esteri","Maschi","65 anni e più",2024,5136
"456","Paesi esteri","Maschi","65 anni e più",2025,5229
"457","Paesi esteri","Maschi","Totale",2002,80026
"458","Paesi esteri","Maschi","Totale",2003,189702
"459","Paesi esteri","Maschi","Totale",2004,190032
"460","Paesi esteri","Maschi","Totale",2005,124664
"461","Paesi esteri","Maschi","Totale",2006,108381
"462","Paesi esteri","Maschi","Totale",2007,223310
"463","Paesi esteri","Maschi","Totale",2008,212229
"464","Paesi esteri","Maschi","Totale",2009,176383
"465","Paesi esteri","Maschi","Totale",2010,187084
"466","Paesi esteri","Maschi","Totale",2011,168726
"467","Paesi esteri","Maschi","Totale",2012,155521
"468","Paesi esteri","Maschi","Totale",2013,132401
"469","Paesi esteri","Maschi","Totale",2014,122887
"470","Paesi esteri","Maschi","Totale",2015,133916
"471","Paesi esteri","Maschi","Totale",2016,147348
"472","Paesi esteri","Maschi","Totale",2017,175888
"473","Paesi esteri","Maschi","Totale",2018,158283
"474","Paesi esteri","Maschi","Totale",2019,130542
"475","Paesi esteri","Maschi","Totale",2020,96801
"476","Paesi esteri","Maschi","Totale",2021,126245
"477","Paesi esteri","Maschi","Totale",2022,175803
"478","Paesi esteri","Maschi","Totale",2023,210260
"479","Paesi esteri","Maschi","Totale",2024,227628
"480","Paesi esteri","Maschi","Totale",2025,221786
"481","Paesi esteri","Femmine","Fino a 17 anni",2002,17717
"482","Paesi esteri","Femmine","Fino a 17 anni",2003,19492
"483","Paesi esteri","Femmine","Fino a 17 anni",2004,24703
"484","Paesi esteri","Femmine","Fino a 17 anni",2005,30009
"485","Paesi esteri","Femmine","Fino a 17 anni",2006,24841
"486","Paesi esteri","Femmine","Fino a 17 anni",2007,36872
"487","Paesi esteri","Femmine","Fino a 17 anni",2008,36232
"488","Paesi esteri","Femmine","Fino a 17 anni",2009,31842
"489","Paesi esteri","Femmine","Fino a 17 anni",2010,29538
"490","Paesi esteri","Femmine","Fino a 17 anni",2011,27163
"491","Paesi esteri","Femmine","Fino a 17 anni",2012,24590
"492","Paesi esteri","Femmine","Fino a 17 anni",2013,20717
"493","Paesi esteri","Femmine","Fino a 17 anni",2014,18277
"494","Paesi esteri","Femmine","Fino a 17 anni",2015,17909
"495","Paesi esteri","Femmine","Fino a 17 anni",2016,18061
"496","Paesi esteri","Femmine","Fino a 17 anni",2017,19780
"497","Paesi esteri","Femmine","Fino a 17 anni",2018,20922
"498","Paesi esteri","Femmine","Fino a 17 anni",2019,22383
"499","Paesi esteri","Femmine","Fino a 17 anni",2020,15245
"500","Paesi esteri","Femmine","Fino a 17 anni",2021,18359
"501","Paesi esteri","Femmine","Fino a 17 anni",2022,27525
"502","Paesi esteri","Femmine","Fino a 17 anni",2023,31001
"503","Paesi esteri","Femmine","Fino a 17 anni",2024,30322
"504","Paesi esteri","Femmine","Fino a 17 anni",2025,30349
"505","Paesi esteri","Femmine","18-39 anni",2002,55866
"506","Paesi esteri","Femmine","18-39 anni",2003,126887
"507","Paesi esteri","Femmine","18-39 anni",2004,111355
"508","Paesi esteri","Femmine","18-39 anni",2005,85373
"509","Paesi esteri","Femmine","18-39 anni",2006,81706
"510","Paesi esteri","Femmine","18-39 anni",2007,164356
"511","Paesi esteri","Femmine","18-39 anni",2008,143558
"512","Paesi esteri","Femmine","18-39 anni",2009,121274
"513","Paesi esteri","Femmine","18-39 anni",2010,129301
"514","Paesi esteri","Femmine","18-39 anni",2011,104635
"515","Paesi esteri","Femmine","18-39 anni",2012,94408
"516","Paesi esteri","Femmine","18-39 anni",2013,80233
"517","Paesi esteri","Femmine","18-39 anni",2014,69028
"518","Paesi esteri","Femmine","18-39 anni",2015,63637
"519","Paesi esteri","Femmine","18-39 anni",2016,62776
"520","Paesi esteri","Femmine","18-39 anni",2017,69056
"521","Paesi esteri","Femmine","18-39 anni",2018,69683
"522","Paesi esteri","Femmine","18-39 anni",2019,69909
"523","Paesi esteri","Femmine","18-39 anni",2020,49340
"524","Paesi esteri","Femmine","18-39 anni",2021,59561
"525","Paesi esteri","Femmine","18-39 anni",2022,76228
"526","Paesi esteri","Femmine","18-39 anni",2023,81717
"527","Paesi esteri","Femmine","18-39 anni",2024,81478
"528","Paesi esteri","Femmine","18-39 anni",2025,79298
"529","Paesi esteri","Femmine","40-64 anni",2002,13353
"530","Paesi esteri","Femmine","40-64 anni",2003,54674
"531","Paesi esteri","Femmine","40-64 anni",2004,44443
"532","Paesi esteri","Femmine","40-64 anni",2005,25438
"533","Paesi esteri","Femmine","40-64 anni",2006,25058
"534","Paesi esteri","Femmine","40-64 anni",2007,63029
"535","Paesi esteri","Femmine","40-64 anni",2008,64702
"536","Paesi esteri","Femmine","40-64 anni",2009,58047
"537","Paesi esteri","Femmine","40-64 anni",2010,69476
"538","Paesi esteri","Femmine","40-64 anni",2011,49958
"539","Paesi esteri","Femmine","40-64 anni",2012,43011
"540","Paesi esteri","Femmine","40-64 anni",2013,40374
"541","Paesi esteri","Femmine","40-64 anni",2014,33721
"542","Paesi esteri","Femmine","40-64 anni",2015,30089
"543","Paesi esteri","Femmine","40-64 anni",2016,29754
"544","Paesi esteri","Femmine","40-64 anni",2017,30871
"545","Paesi esteri","Femmine","40-64 anni",2018,30952
"546","Paesi esteri","Femmine","40-64 anni",2019,35039
"547","Paesi esteri","Femmine","40-64 anni",2020,26030
"548","Paesi esteri","Femmine","40-64 anni",2021,34263
"549","Paesi esteri","Femmine","40-64 anni",2022,48975
"550","Paesi esteri","Femmine","40-64 anni",2023,46098
"551","Paesi esteri","Femmine","40-64 anni",2024,44550
"552","Paesi esteri","Femmine","40-64 anni",2025,42745
"553","Paesi esteri","Femmine","65 anni e più",2002,1764
"554","Paesi esteri","Femmine","65 anni e più",2003,2016
"555","Paesi esteri","Femmine","65 anni e più",2004,2553
"556","Paesi esteri","Femmine","65 anni e più",2005,2150
"557","Paesi esteri","Femmine","65 anni e più",2006,2062
"558","Paesi esteri","Femmine","65 anni e più",2007,2863
"559","Paesi esteri","Femmine","65 anni e più",2008,5555
"560","Paesi esteri","Femmine","65 anni e più",2009,4983
"561","Paesi esteri","Femmine","65 anni e più",2010,4153
"562","Paesi esteri","Femmine","65 anni e più",2011,3845
"563","Paesi esteri","Femmine","65 anni e più",2012,3775
"564","Paesi esteri","Femmine","65 anni e più",2013,5296
"565","Paesi esteri","Femmine","65 anni e più",2014,4447
"566","Paesi esteri","Femmine","65 anni e più",2015,4475
"567","Paesi esteri","Femmine","65 anni e più",2016,4990
"568","Paesi esteri","Femmine","65 anni e più",2017,5476
"569","Paesi esteri","Femmine","65 anni e più",2018,5660
"570","Paesi esteri","Femmine","65 anni e più",2019,6698
"571","Paesi esteri","Femmine","65 anni e più",2020,4350
"572","Paesi esteri","Femmine","65 anni e più",2021,5179
"573","Paesi esteri","Femmine","65 anni e più",2022,7964
"574","Paesi esteri","Femmine","65 anni e più",2023,9296
"575","Paesi esteri","Femmine","65 anni e più",2024,9137
"576","Paesi esteri","Femmine","65 anni e più",2025,9287
"577","Paesi esteri","Femmine","Totale",2002,88700
"578","Paesi esteri","Femmine","Totale",2003,203069
"579","Paesi esteri","Femmine","Totale",2004,183054
"580","Paesi esteri","Femmine","Totale",2005,142970
"581","Paesi esteri","Femmine","Totale",2006,133667
"582","Paesi esteri","Femmine","Totale",2007,267120
"583","Paesi esteri","Femmine","Totale",2008,250047
"584","Paesi esteri","Femmine","Totale",2009,216146
"585","Paesi esteri","Femmine","Totale",2010,232468
"586","Paesi esteri","Femmine","Totale",2011,185601
"587","Paesi esteri","Femmine","Totale",2012,165784
"588","Paesi esteri","Femmine","Totale",2013,146620
"589","Paesi esteri","Femmine","Totale",2014,125473
"590","Paesi esteri","Femmine","Totale",2015,116110
"591","Paesi esteri","Femmine","Totale",2016,115581
"592","Paesi esteri","Femmine","Totale",2017,125183
"593","Paesi esteri","Femmine","Totale",2018,127217
"594","Paesi esteri","Femmine","Totale",2019,134029
"595","Paesi esteri","Femmine","Totale",2020,94965
"596","Paesi esteri","Femmine","Totale",2021,117362
"597","Paesi esteri","Femmine","Totale",2022,160692
"598","Paesi esteri","Femmine","Totale",2023,168112
"599","Paesi esteri","Femmine","Totale",2024,165487
"600","Paesi esteri","Femmine","Totale",2025,161679
"601","Paesi esteri","Totale","Fino a 17 anni",2002,38680
"602","Paesi esteri","Totale","Fino a 17 anni",2003,42214
"603","Paesi esteri","Totale","Fino a 17 anni",2004,53522
"604","Paesi esteri","Totale","Fino a 17 anni",2005,64309
"605","Paesi esteri","Totale","Fino a 17 anni",2006,53490
"606","Paesi esteri","Totale","Fino a 17 anni",2007,78266
"607","Paesi esteri","Totale","Fino a 17 anni",2008,77391
"608","Paesi esteri","Totale","Fino a 17 anni",2009,68496
"609","Paesi esteri","Totale","Fino a 17 anni",2010,63688
"610","Paesi esteri","Totale","Fino a 17 anni",2011,58200
"611","Paesi esteri","Totale","Fino a 17 anni",2012,52995
"612","Paesi esteri","Totale","Fino a 17 anni",2013,45222
"613","Paesi esteri","Totale","Fino a 17 anni",2014,39710
"614","Paesi esteri","Totale","Fino a 17 anni",2015,40416
"615","Paesi esteri","Totale","Fino a 17 anni",2016,40959
"616","Paesi esteri","Totale","Fino a 17 anni",2017,46287
"617","Paesi esteri","Totale","Fino a 17 anni",2018,47855
"618","Paesi esteri","Totale","Fino a 17 anni",2019,49580
"619","Paesi esteri","Totale","Fino a 17 anni",2020,34045
"620","Paesi esteri","Totale","Fino a 17 anni",2021,41521
"621","Paesi esteri","Totale","Fino a 17 anni",2022,62027
"622","Paesi esteri","Totale","Fino a 17 anni",2023,70459
"623","Paesi esteri","Totale","Fino a 17 anni",2024,70965
"624","Paesi esteri","Totale","Fino a 17 anni",2025,69751
"625","Paesi esteri","Totale","18-39 anni",2002,102261
"626","Paesi esteri","Totale","18-39 anni",2003,266339
"627","Paesi esteri","Totale","18-39 anni",2004,242268
"628","Paesi esteri","Totale","18-39 anni",2005,155980
"629","Paesi esteri","Totale","18-39 anni",2006,143850
"630","Paesi esteri","Totale","18-39 anni",2007,311757
"631","Paesi esteri","Totale","18-39 anni",2008,278482
"632","Paesi esteri","Totale","18-39 anni",2009,231573
"633","Paesi esteri","Totale","18-39 anni",2010,251692
"634","Paesi esteri","Totale","18-39 anni",2011,213838
"635","Paesi esteri","Totale","18-39 anni",2012,195691
"636","Paesi esteri","Totale","18-39 anni",2013,164045
"637","Paesi esteri","Totale","18-39 anni",2014,148996
"638","Paesi esteri","Totale","18-39 anni",2015,154169
"639","Paesi esteri","Totale","18-39 anni",2016,165667
"640","Paesi esteri","Totale","18-39 anni",2017,194560
"641","Paesi esteri","Totale","18-39 anni",2018,176470
"642","Paesi esteri","Totale","18-39 anni",2019,143565
"643","Paesi esteri","Totale","18-39 anni",2020,106856
"644","Paesi esteri","Totale","18-39 anni",2021,137709
"645","Paesi esteri","Totale","18-39 anni",2022,180657
"646","Paesi esteri","Totale","18-39 anni",2023,210659
"647","Paesi esteri","Totale","18-39 anni",2024,225377
"648","Paesi esteri","Totale","18-39 anni",2025,217900
"649","Paesi esteri","Totale","40-64 anni",2002,24539
"650","Paesi esteri","Totale","40-64 anni",2003,80625
"651","Paesi esteri","Totale","40-64 anni",2004,72713
"652","Paesi esteri","Totale","40-64 anni",2005,43342
"653","Paesi esteri","Totale","40-64 anni",2006,41142
"654","Paesi esteri","Totale","40-64 anni",2007,95460
"655","Paesi esteri","Totale","40-64 anni",2008,97021
"656","Paesi esteri","Totale","40-64 anni",2009,84316
"657","Paesi esteri","Totale","40-64 anni",2010,97537
"658","Paesi esteri","Totale","40-64 anni",2011,76264
"659","Paesi esteri","Totale","40-64 anni",2012,66745
"660","Paesi esteri","Totale","40-64 anni",2013,61645
"661","Paesi esteri","Totale","40-64 anni",2014,52844
"662","Paesi esteri","Totale","40-64 anni",2015,48492
"663","Paesi esteri","Totale","40-64 anni",2016,48542
"664","Paesi esteri","Totale","40-64 anni",2017,51616
"665","Paesi esteri","Totale","40-64 anni",2018,52207
"666","Paesi esteri","Totale","40-64 anni",2019,60723
"667","Paesi esteri","Totale","40-64 anni",2020,43968
"668","Paesi esteri","Totale","40-64 anni",2021,56420
"669","Paesi esteri","Totale","40-64 anni",2022,81547
"670","Paesi esteri","Totale","40-64 anni",2023,82799
"671","Paesi esteri","Totale","40-64 anni",2024,82500
"672","Paesi esteri","Totale","40-64 anni",2025,81298
"673","Paesi esteri","Totale","65 anni e più",2002,3246
"674","Paesi esteri","Totale","65 anni e più",2003,3593
"675","Paesi esteri","Totale","65 anni e più",2004,4583
"676","Paesi esteri","Totale","65 anni e più",2005,4003
"677","Paesi esteri","Totale","65 anni e più",2006,3566
"678","Paesi esteri","Totale","65 anni e più",2007,4947
"679","Paesi esteri","Totale","65 anni e più",2008,9382
"680","Paesi esteri","Totale","65 anni e più",2009,8144
"681","Paesi esteri","Totale","65 anni e più",2010,6635
"682","Paesi esteri","Totale","65 anni e più",2011,6025
"683","Paesi esteri","Totale","65 anni e più",2012,5874
"684","Paesi esteri","Totale","65 anni e più",2013,8109
"685","Paesi esteri","Totale","65 anni e più",2014,6810
"686","Paesi esteri","Totale","65 anni e più",2015,6949
"687","Paesi esteri","Totale","65 anni e più",2016,7761
"688","Paesi esteri","Totale","65 anni e più",2017,8608
"689","Paesi esteri","Totale","65 anni e più",2018,8968
"690","Paesi esteri","Totale","65 anni e più",2019,10703
"691","Paesi esteri","Totale","65 anni e più",2020,6897
"692","Paesi esteri","Totale","65 anni e più",2021,7957
"693","Paesi esteri","Totale","65 anni e più",2022,12264
"694","Paesi esteri","Totale","65 anni e più",2023,14455
"695","Paesi esteri","Totale","65 anni e più",2024,14273
"696","Paesi esteri","Totale","65 anni e più",2025,14516
"697","Paesi esteri","Totale","Totale",2002,168726
"698","Paesi esteri","Totale","Totale",2003,392771
"699","Paesi esteri","Totale","Totale",2004,373086
"700","Paesi esteri","Totale","Totale",2005,267634
"701","Paesi esteri","Totale","Totale",2006,242048
"702","Paesi esteri","Totale","Totale",2007,490430
"703","Paesi esteri","Totale","Totale",2008,462276
"704","Paesi esteri","Totale","Totale",2009,392529
"705","Paesi esteri","Totale","Totale",2010,419552
"706","Paesi esteri","Totale","Totale",2011,354327
"707","Paesi esteri","Totale","Totale",2012,321305
"708","Paesi esteri","Totale","Totale",2013,279021
"709","Paesi esteri","Totale","Totale",2014,248360
"710","Paesi esteri","Totale","Totale",2015,250026
"711","Paesi esteri","Totale","Totale",2016,262929
"712","Paesi esteri","Totale","Totale",2017,301071
"713","Paesi esteri","Totale","Totale",2018,285500
"714","Paesi esteri","Totale","Totale",2019,264571
"715","Paesi esteri","Totale","Totale",2020,191766
"716","Paesi esteri","Totale","Totale",2021,243607
"717","Paesi esteri","Totale","Totale",2022,336495
"718","Paesi esteri","Totale","Totale",2023,378372
"719","Paesi esteri","Totale","Totale",2024,393115
"720","Paesi esteri","Totale","Totale",2025,383465
"721","Totale","Maschi","Fino a 17 anni",2002,26073
"722","Totale","Maschi","Fino a 17 anni",2003,28126
"723","Totale","Maschi","Fino a 17 anni",2004,32736
"724","Totale","Maschi","Fino a 17 anni",2005,38625
"725","Totale","Maschi","Fino a 17 anni",2006,32860
"726","Totale","Maschi","Fino a 17 anni",2007,45532
"727","Totale","Maschi","Fino a 17 anni",2008,44887
"728","Totale","Maschi","Fino a 17 anni",2009,39993
"729","Totale","Maschi","Fino a 17 anni",2010,37397
"730","Totale","Maschi","Fino a 17 anni",2011,34580
"731","Totale","Maschi","Fino a 17 anni",2012,31800
"732","Totale","Maschi","Fino a 17 anni",2013,27601
"733","Totale","Maschi","Fino a 17 anni",2014,24706
"734","Totale","Maschi","Fino a 17 anni",2015,25623
"735","Totale","Maschi","Fino a 17 anni",2016,27063
"736","Totale","Maschi","Fino a 17 anni",2017,30887
"737","Totale","Maschi","Fino a 17 anni",2018,31909
"738","Totale","Maschi","Fino a 17 anni",2019,33970
"739","Totale","Maschi","Fino a 17 anni",2020,25548
"740","Totale","Maschi","Fino a 17 anni",2021,31323
"741","Totale","Maschi","Fino a 17 anni",2022,43319
"742","Totale","Maschi","Fino a 17 anni",2023,46364
"743","Totale","Maschi","Fino a 17 anni",2024,47303
"744","Totale","Maschi","Fino a 17 anni",2025,44689
"745","Totale","Maschi","18-39 anni",2002,56415
"746","Totale","Maschi","18-39 anni",2003,150256
"747","Totale","Maschi","18-39 anni",2004,139619
"748","Totale","Maschi","18-39 anni",2005,78580
"749","Totale","Maschi","18-39 anni",2006,69695
"750","Totale","Maschi","18-39 anni",2007,154804
"751","Totale","Maschi","18-39 anni",2008,141275
"752","Totale","Maschi","18-39 anni",2009,116004
"753","Totale","Maschi","18-39 anni",2010,127746
"754","Totale","Maschi","18-39 anni",2011,114820
"755","Totale","Maschi","18-39 anni",2012,106461
"756","Totale","Maschi","18-39 anni",2013,88930
"757","Totale","Maschi","18-39 anni",2014,85424
"758","Totale","Maschi","18-39 anni",2015,96503
"759","Totale","Maschi","18-39 anni",2016,110925
"760","Totale","Maschi","18-39 anni",2017,134471
"761","Totale","Maschi","18-39 anni",2018,117119
"762","Totale","Maschi","18-39 anni",2019,87523
"763","Totale","Maschi","18-39 anni",2020,69261
"764","Totale","Maschi","18-39 anni",2021,94787
"765","Totale","Maschi","18-39 anni",2022,119329
"766","Totale","Maschi","18-39 anni",2023,141905
"767","Totale","Maschi","18-39 anni",2024,156475
"768","Totale","Maschi","18-39 anni",2025,151573
"769","Totale","Maschi","40-64 anni",2002,18324
"770","Totale","Maschi","40-64 anni",2003,33069
"771","Totale","Maschi","40-64 anni",2004,34554
"772","Totale","Maschi","40-64 anni",2005,24035
"773","Totale","Maschi","40-64 anni",2006,22380
"774","Totale","Maschi","40-64 anni",2007,38452
"775","Totale","Maschi","40-64 anni",2008,37541
"776","Totale","Maschi","40-64 anni",2009,31399
"777","Totale","Maschi","40-64 anni",2010,33051
"778","Totale","Maschi","40-64 anni",2011,31783
"779","Totale","Maschi","40-64 anni",2012,28986
"780","Totale","Maschi","40-64 anni",2013,26216
"781","Totale","Maschi","40-64 anni",2014,24217
"782","Totale","Maschi","40-64 anni",2015,24139
"783","Totale","Maschi","40-64 anni",2016,25703
"784","Totale","Maschi","40-64 anni",2017,28626
"785","Totale","Maschi","40-64 anni",2018,29607
"786","Totale","Maschi","40-64 anni",2019,39340
"787","Totale","Maschi","40-64 anni",2020,28082
"788","Totale","Maschi","40-64 anni",2021,34870
"789","Totale","Maschi","40-64 anni",2022,46599
"790","Totale","Maschi","40-64 anni",2023,47823
"791","Totale","Maschi","40-64 anni",2024,47796
"792","Totale","Maschi","40-64 anni",2025,48242
"793","Totale","Maschi","65 anni e più",2002,4107
"794","Totale","Maschi","65 anni e più",2003,4564
"795","Totale","Maschi","65 anni e più",2004,4867
"796","Totale","Maschi","65 anni e più",2005,4552
"797","Totale","Maschi","65 anni e più",2006,4378
"798","Totale","Maschi","65 anni e più",2007,4570
"799","Totale","Maschi","65 anni e più",2008,6138
"800","Totale","Maschi","65 anni e più",2009,5374
"801","Totale","Maschi","65 anni e più",2010,4561
"802","Totale","Maschi","65 anni e più",2011,4485
"803","Totale","Maschi","65 anni e più",2012,4349
"804","Totale","Maschi","65 anni e più",2013,5365
"805","Totale","Maschi","65 anni e più",2014,4783
"806","Totale","Maschi","65 anni e più",2015,4737
"807","Totale","Maschi","65 anni e più",2016,5400
"808","Totale","Maschi","65 anni e più",2017,5956
"809","Totale","Maschi","65 anni e più",2018,6306
"810","Totale","Maschi","65 anni e più",2019,8088
"811","Totale","Maschi","65 anni e più",2020,5397
"812","Totale","Maschi","65 anni e più",2021,6977
"813","Totale","Maschi","65 anni e più",2022,8687
"814","Totale","Maschi","65 anni e più",2023,9038
"815","Totale","Maschi","65 anni e più",2024,8943
"816","Totale","Maschi","65 anni e più",2025,8948
"817","Totale","Maschi","Totale",2002,104919
"818","Totale","Maschi","Totale",2003,216015
"819","Totale","Maschi","Totale",2004,211776
"820","Totale","Maschi","Totale",2005,145792
"821","Totale","Maschi","Totale",2006,129313
"822","Totale","Maschi","Totale",2007,243358
"823","Totale","Maschi","Totale",2008,229841
"824","Totale","Maschi","Totale",2009,192770
"825","Totale","Maschi","Totale",2010,202755
"826","Totale","Maschi","Totale",2011,185668
"827","Totale","Maschi","Totale",2012,171596
"828","Totale","Maschi","Totale",2013,148112
"829","Totale","Maschi","Totale",2014,139130
"830","Totale","Maschi","Totale",2015,151002
"831","Totale","Maschi","Totale",2016,169091
"832","Totale","Maschi","Totale",2017,199940
"833","Totale","Maschi","Totale",2018,184941
"834","Totale","Maschi","Totale",2019,168921
"835","Totale","Maschi","Totale",2020,128288
"836","Totale","Maschi","Totale",2021,167957
"837","Totale","Maschi","Totale",2022,217934
"838","Totale","Maschi","Totale",2023,245130
"839","Totale","Maschi","Totale",2024,260517
"840","Totale","Maschi","Totale",2025,253452
"841","Totale","Femmine","Fino a 17 anni",2002,22581
"842","Totale","Femmine","Fino a 17 anni",2003,24355
"843","Totale","Femmine","Fino a 17 anni",2004,28488
"844","Totale","Femmine","Fino a 17 anni",2005,33915
"845","Totale","Femmine","Fino a 17 anni",2006,28866
"846","Totale","Femmine","Fino a 17 anni",2007,40753
"847","Totale","Femmine","Fino a 17 anni",2008,39659
"848","Totale","Femmine","Fino a 17 anni",2009,34889
"849","Totale","Femmine","Fino a 17 anni",2010,32531
"850","Totale","Femmine","Fino a 17 anni",2011,30692
"851","Totale","Femmine","Fino a 17 anni",2012,27874
"852","Totale","Femmine","Fino a 17 anni",2013,23698
"853","Totale","Femmine","Fino a 17 anni",2014,21424
"854","Totale","Femmine","Fino a 17 anni",2015,20934
"855","Totale","Femmine","Fino a 17 anni",2016,21743
"856","Totale","Femmine","Fino a 17 anni",2017,23900
"857","Totale","Femmine","Fino a 17 anni",2018,25420
"858","Totale","Femmine","Fino a 17 anni",2019,29345
"859","Totale","Femmine","Fino a 17 anni",2020,21618
"860","Totale","Femmine","Fino a 17 anni",2021,25950
"861","Totale","Femmine","Fino a 17 anni",2022,35865
"862","Totale","Femmine","Fino a 17 anni",2023,37618
"863","Totale","Femmine","Fino a 17 anni",2024,36396
"864","Totale","Femmine","Fino a 17 anni",2025,35169
"865","Totale","Femmine","18-39 anni",2002,63818
"866","Totale","Femmine","18-39 anni",2003,135557
"867","Totale","Femmine","18-39 anni",2004,120057
"868","Totale","Femmine","18-39 anni",2005,91428
"869","Totale","Femmine","18-39 anni",2006,87901
"870","Totale","Femmine","18-39 anni",2007,170701
"871","Totale","Femmine","18-39 anni",2008,149043
"872","Totale","Femmine","18-39 anni",2009,126078
"873","Totale","Femmine","18-39 anni",2010,133989
"874","Totale","Femmine","18-39 anni",2011,109875
"875","Totale","Femmine","18-39 anni",2012,99130
"876","Totale","Femmine","18-39 anni",2013,84643
"877","Totale","Femmine","18-39 anni",2014,73803
"878","Totale","Femmine","18-39 anni",2015,68535
"879","Totale","Femmine","18-39 anni",2016,69381
"880","Totale","Femmine","18-39 anni",2017,76562
"881","Totale","Femmine","18-39 anni",2018,78146
"882","Totale","Femmine","18-39 anni",2019,81619
"883","Totale","Femmine","18-39 anni",2020,59464
"884","Totale","Femmine","18-39 anni",2021,73440
"885","Totale","Femmine","18-39 anni",2022,88802
"886","Totale","Femmine","18-39 anni",2023,92473
"887","Totale","Femmine","18-39 anni",2024,92289
"888","Totale","Femmine","18-39 anni",2025,90591
"889","Totale","Femmine","40-64 anni",2002,18240
"890","Totale","Femmine","40-64 anni",2003,60162
"891","Totale","Femmine","40-64 anni",2004,49907
"892","Totale","Femmine","40-64 anni",2005,29649
"893","Totale","Femmine","40-64 anni",2006,29493
"894","Totale","Femmine","40-64 anni",2007,67693
"895","Totale","Femmine","40-64 anni",2008,68579
"896","Totale","Femmine","40-64 anni",2009,61578
"897","Totale","Femmine","40-64 anni",2010,72987
"898","Totale","Femmine","40-64 anni",2011,53986
"899","Totale","Femmine","40-64 anni",2012,46622
"900","Totale","Femmine","40-64 anni",2013,43940
"901","Totale","Femmine","40-64 anni",2014,37169
"902","Totale","Femmine","40-64 anni",2015,33599
"903","Totale","Femmine","40-64 anni",2016,33930
"904","Totale","Femmine","40-64 anni",2017,35715
"905","Totale","Femmine","40-64 anni",2018,36210
"906","Totale","Femmine","40-64 anni",2019,43307
"907","Totale","Femmine","40-64 anni",2020,32134
"908","Totale","Femmine","40-64 anni",2021,42981
"909","Totale","Femmine","40-64 anni",2022,57728
"910","Totale","Femmine","40-64 anni",2023,52792
"911","Totale","Femmine","40-64 anni",2024,50956
"912","Totale","Femmine","40-64 anni",2025,49257
"913","Totale","Femmine","65 anni e più",2002,3644
"914","Totale","Femmine","65 anni e più",2003,4212
"915","Totale","Femmine","65 anni e più",2004,4652
"916","Totale","Femmine","65 anni e più",2005,4176
"917","Totale","Femmine","65 anni e più",2006,4141
"918","Totale","Femmine","65 anni e più",2007,4618
"919","Totale","Femmine","65 anni e più",2008,7272
"920","Totale","Femmine","65 anni e più",2009,6544
"921","Totale","Femmine","65 anni e più",2010,5482
"922","Totale","Femmine","65 anni e più",2011,5572
"923","Totale","Femmine","65 anni e più",2012,5550
"924","Totale","Femmine","65 anni e più",2013,7061
"925","Totale","Femmine","65 anni e più",2014,6105
"926","Totale","Femmine","65 anni e più",2015,6008
"927","Totale","Femmine","65 anni e più",2016,6678
"928","Totale","Femmine","65 anni e più",2017,7323
"929","Totale","Femmine","65 anni e più",2018,7607
"930","Totale","Femmine","65 anni e più",2019,9586
"931","Totale","Femmine","65 anni e più",2020,6022
"932","Totale","Femmine","65 anni e più",2021,8038
"933","Totale","Femmine","65 anni e più",2022,10656
"934","Totale","Femmine","65 anni e più",2023,11645
"935","Totale","Femmine","65 anni e più",2024,11425
"936","Totale","Femmine","65 anni e più",2025,11447
"937","Totale","Femmine","Totale",2002,108283
"938","Totale","Femmine","Totale",2003,224286
"939","Totale","Femmine","Totale",2004,203104
"940","Totale","Femmine","Totale",2005,159168
"941","Totale","Femmine","Totale",2006,150401
"942","Totale","Femmine","Totale",2007,283765
"943","Totale","Femmine","Totale",2008,264553
"944","Totale","Femmine","Totale",2009,229089
"945","Totale","Femmine","Totale",2010,244989
"946","Totale","Femmine","Totale",2011,200125
"947","Totale","Femmine","Totale",2012,179176
"948","Totale","Femmine","Totale",2013,159342
"949","Totale","Femmine","Totale",2014,138501
"950","Totale","Femmine","Totale",2015,129076
"951","Totale","Femmine","Totale",2016,131732
"952","Totale","Femmine","Totale",2017,143500
"953","Totale","Femmine","Totale",2018,147383
"954","Totale","Femmine","Totale",2019,163857
"955","Totale","Femmine","Totale",2020,119238
"956","Totale","Femmine","Totale",2021,150409
"957","Totale","Femmine","Totale",2022,193051
"958","Totale","Femmine","Totale",2023,194528
"959","Totale","Femmine","Totale",2024,191066
"960","Totale","Femmine","Totale",2025,186464
"961","Totale","Totale","Fino a 17 anni",2002,48654
"962","Totale","Totale","Fino a 17 anni",2003,52481
"963","Totale","Totale","Fino a 17 anni",2004,61224
"964","Totale","Totale","Fino a 17 anni",2005,72540
"965","Totale","Totale","Fino a 17 anni",2006,61726
"966","Totale","Totale","Fino a 17 anni",2007,86285
"967","Totale","Totale","Fino a 17 anni",2008,84546
"968","Totale","Totale","Fino a 17 anni",2009,74882
"969","Totale","Totale","Fino a 17 anni",2010,69928
"970","Totale","Totale","Fino a 17 anni",2011,65272
"971","Totale","Totale","Fino a 17 anni",2012,59674
"972","Totale","Totale","Fino a 17 anni",2013,51299
"973","Totale","Totale","Fino a 17 anni",2014,46130
"974","Totale","Totale","Fino a 17 anni",2015,46557
"975","Totale","Totale","Fino a 17 anni",2016,48806
"976","Totale","Totale","Fino a 17 anni",2017,54787
"977","Totale","Totale","Fino a 17 anni",2018,57329
"978","Totale","Totale","Fino a 17 anni",2019,63315
"979","Totale","Totale","Fino a 17 anni",2020,47166
"980","Totale","Totale","Fino a 17 anni",2021,57273
"981","Totale","Totale","Fino a 17 anni",2022,79184
"982","Totale","Totale","Fino a 17 anni",2023,83982
"983","Totale","Totale","Fino a 17 anni",2024,83699
"984","Totale","Totale","Fino a 17 anni",2025,79858
"985","Totale","Totale","18-39 anni",2002,120233
"986","Totale","Totale","18-39 anni",2003,285813
"987","Totale","Totale","18-39 anni",2004,259676
"988","Totale","Totale","18-39 anni",2005,170008
"989","Totale","Totale","18-39 anni",2006,157596
"990","Totale","Totale","18-39 anni",2007,325505
"991","Totale","Totale","18-39 anni",2008,290318
"992","Totale","Totale","18-39 anni",2009,242082
"993","Totale","Totale","18-39 anni",2010,261735
"994","Totale","Totale","18-39 anni",2011,224695
"995","Totale","Totale","18-39 anni",2012,205591
"996","Totale","Totale","18-39 anni",2013,173573
"997","Totale","Totale","18-39 anni",2014,159227
"998","Totale","Totale","18-39 anni",2015,165038
"999","Totale","Totale","18-39 anni",2016,180306
"1000","Totale","Totale","18-39 anni",2017,211033
"1001","Totale","Totale","18-39 anni",2018,195265
"1002","Totale","Totale","18-39 anni",2019,169142
"1003","Totale","Totale","18-39 anni",2020,128725
"1004","Totale","Totale","18-39 anni",2021,168227
"1005","Totale","Totale","18-39 anni",2022,208131
"1006","Totale","Totale","18-39 anni",2023,234378
"1007","Totale","Totale","18-39 anni",2024,248764
"1008","Totale","Totale","18-39 anni",2025,242164
"1009","Totale","Totale","40-64 anni",2002,36564
"1010","Totale","Totale","40-64 anni",2003,93231
"1011","Totale","Totale","40-64 anni",2004,84461
"1012","Totale","Totale","40-64 anni",2005,53684
"1013","Totale","Totale","40-64 anni",2006,51873
"1014","Totale","Totale","40-64 anni",2007,106145
"1015","Totale","Totale","40-64 anni",2008,106120
"1016","Totale","Totale","40-64 anni",2009,92977
"1017","Totale","Totale","40-64 anni",2010,106038
"1018","Totale","Totale","40-64 anni",2011,85769
"1019","Totale","Totale","40-64 anni",2012,75608
"1020","Totale","Totale","40-64 anni",2013,70156
"1021","Totale","Totale","40-64 anni",2014,61386
"1022","Totale","Totale","40-64 anni",2015,57738
"1023","Totale","Totale","40-64 anni",2016,59633
"1024","Totale","Totale","40-64 anni",2017,64341
"1025","Totale","Totale","40-64 anni",2018,65817
"1026","Totale","Totale","40-64 anni",2019,82647
"1027","Totale","Totale","40-64 anni",2020,60216
"1028","Totale","Totale","40-64 anni",2021,77851
"1029","Totale","Totale","40-64 anni",2022,104327
"1030","Totale","Totale","40-64 anni",2023,100615
"1031","Totale","Totale","40-64 anni",2024,98752
"1032","Totale","Totale","40-64 anni",2025,97499
"1033","Totale","Totale","65 anni e più",2002,7751
"1034","Totale","Totale","65 anni e più",2003,8776
"1035","Totale","Totale","65 anni e più",2004,9519
"1036","Totale","Totale","65 anni e più",2005,8728
"1037","Totale","Totale","65 anni e più",2006,8519
"1038","Totale","Totale","65 anni e più",2007,9188
"1039","Totale","Totale","65 anni e più",2008,13410
"1040","Totale","Totale","65 anni e più",2009,11918
"1041","Totale","Totale","65 anni e più",2010,10043
"1042","Totale","Totale","65 anni e più",2011,10057
"1043","Totale","Totale","65 anni e più",2012,9899
"1044","Totale","Totale","65 anni e più",2013,12426
"1045","Totale","Totale","65 anni e più",2014,10888
"1046","Totale","Totale","65 anni e più",2015,10745
"1047","Totale","Totale","65 anni e più",2016,12078
"1048","Totale","Totale","65 anni e più",2017,13279
"1049","Totale","Totale","65 anni e più",2018,13913
"1050","Totale","Totale","65 anni e più",2019,17674
"1051","Totale","Totale","65 anni e più",2020,11419
"1052","Totale","Totale","65 anni e più",2021,15015
"1053","Totale","Totale","65 anni e più",2022,19343
"1054","Totale","Totale","65 anni e più",2023,20683
"1055","Totale","Totale","65 anni e più",2024,20368
"1056","Totale","Totale","65 anni e più",2025,20395
"1057","Totale","Totale","Totale",2002,213202
"1058","Totale","Totale","Totale",2003,440301
"1059","Totale","Totale","Totale",2004,414880
"1060","Totale","Totale","Totale",2005,304960
"1061","Totale","Totale","Totale",2006,279714
"1062","Totale","Totale","Totale",2007,527123
"1063","Totale","Totale","Totale",2008,494394
"1064","Totale","Totale","Totale",2009,421859
"1065","Totale","Totale","Totale",2010,447744
"1066","Totale","Totale","Totale",2011,385793
"1067","Totale","Totale","Totale",2012,350772
"1068","Totale","Totale","Totale",2013,307454
"1069","Totale","Totale","Totale",2014,277631
"1070","Totale","Totale","Totale",2015,280078
"1071","Totale","Totale","Totale",2016,300823
"1072","Totale","Totale","Totale",2017,343440
"1073","Totale","Totale","Totale",2018,332324
"1074","Totale","Totale","Totale",2019,332778
"1075","Totale","Totale","Totale",2020,247526
"1076","Totale","Totale","Totale",2021,318366
"1077","Totale","Totale","Totale",2022,410985
"1078","Totale","Totale","Totale",2023,439658
"1079","Totale","Totale","Totale",2024,451583
"1080","Totale","Totale","Totale",2025,439916
