citizenship,year,tfr_mean,tfr_p10,tfr_p50,tfr_p90,arima_order
italiani,2025,1.0965969965902174,1.0742912748566087,1.0970289525644479,1.1185816398956245,"(2, 0, 0)"
italiani,2026,1.095306322707591,1.0548122392135255,1.0954436709663589,1.134878856267001,"(2, 0, 0)"
italiani,2027,1.0995693847439287,1.0430375837181463,1.0981147271559812,1.1575591350550383,"(2, 0, 0)"
italiani,2028,1.1067694015533438,1.0368261296856938,1.1055980719548706,1.1758713525392934,"(2, 0, 0)"
italiani,2029,1.1182885577858297,1.0406922729162134,1.1168433467736147,1.1998844109092832,"(2, 0, 0)"
italiani,2030,1.13178533068242,1.0432773688932355,1.130969085360499,1.218602026696745,"(2, 0, 0)"
italiani,2031,1.1426499373712469,1.049057897715899,1.1421696098304617,1.236146763677545,"(2, 0, 0)"
italiani,2032,1.1509088930451867,1.057431306427235,1.1511047646423396,1.2450361145239142,"(2, 0, 0)"
italiani,2033,1.1609465217648016,1.0612444875081728,1.1617658456085143,1.2613187458853832,"(2, 0, 0)"
italiani,2034,1.1641116226847983,1.063362119284705,1.1648056564032947,1.264578670457968,"(2, 0, 0)"
italiani,2035,1.1727684088905475,1.0700330422803834,1.1723047376162925,1.2765588861594783,"(2, 0, 0)"
italiani,2036,1.176948127692525,1.0735051377881564,1.176341205640671,1.2805473497132183,"(2, 0, 0)"
italiani,2037,1.181174833153533,1.0769390141018225,1.1809669914700796,1.2863638443848424,"(2, 0, 0)"
italiani,2038,1.1821343159897815,1.0785219819798257,1.1818035469195385,1.2851937270063596,"(2, 0, 0)"
italiani,2039,1.1887277208961564,1.089960863442019,1.188252603243093,1.2907566854827413,"(2, 0, 0)"
italiani,2040,1.1888035270979371,1.0864190430366119,1.1870359693811623,1.2904446539428627,"(2, 0, 0)"
italiani,2041,1.1905788176560685,1.0892525730332383,1.1905507592177123,1.2919361160674494,"(2, 0, 0)"
italiani,2042,1.1945107902800092,1.090403797541514,1.1937903506086065,1.299024815925689,"(2, 0, 0)"
italiani,2043,1.1938803089544887,1.0887841488524028,1.1945964077657403,1.2986060179013617,"(2, 0, 0)"
italiani,2044,1.196698147047071,1.0929439668097267,1.1962851317819867,1.3022094889794193,"(2, 0, 0)"
italiani,2045,1.1972189949777505,1.0943620460699222,1.1951705701763455,1.3036344131718265,"(2, 0, 0)"
italiani,2046,1.1972755438696552,1.0936265563212455,1.1991316421756824,1.3008914286933484,"(2, 0, 0)"
italiani,2047,1.2010024661491834,1.09592184582856,1.1996650428122673,1.3026646161000037,"(2, 0, 0)"
italiani,2048,1.1967305734117484,1.092265266135078,1.1952526988458545,1.3013145912468365,"(2, 0, 0)"
italiani,2049,1.197574130887288,1.0932144296402189,1.1965037746001368,1.300365255306665,"(2, 0, 0)"
italiani,2050,1.1994188147120906,1.0954313116557428,1.1996350125288604,1.3010361646668132,"(2, 0, 0)"
italiani,2051,1.1973476707764397,1.094567523561231,1.1946287610073756,1.3043499849709275,"(2, 0, 0)"
italiani,2052,1.1991194435276744,1.0939851290054499,1.1995509503775006,1.302619430931419,"(2, 0, 0)"
italiani,2053,1.198385536398356,1.0923451457488653,1.1985444485048784,1.3018776357803017,"(2, 0, 0)"
italiani,2054,1.199260009806644,1.097827955160341,1.1977497296592068,1.3023318555321244,"(2, 0, 0)"
italiani,2055,1.1966738542727846,1.0952188551094444,1.1959441763163152,1.3022833920034926,"(2, 0, 0)"
italiani,2056,1.1982791453916561,1.0932523927512443,1.196486377233449,1.3023653608708965,"(2, 0, 0)"
italiani,2057,1.1970813506788471,1.0901084702590849,1.199936494420034,1.3021447435348987,"(2, 0, 0)"
italiani,2058,1.1977569936960923,1.0919770337402763,1.1976159814705218,1.3058955890909514,"(2, 0, 0)"
italiani,2059,1.19801962667989,1.0935447869405914,1.196948837393852,1.303319535791168,"(2, 0, 0)"
italiani,2060,1.1991251981059365,1.0960765080064798,1.1973910118635032,1.303088498487035,"(2, 0, 0)"
italiani,2061,1.1999917206458144,1.0965182111958696,1.2002822850417258,1.301717945111964,"(2, 0, 0)"
italiani,2062,1.2007216620958072,1.0958956011164864,1.2007009705100067,1.3040853710901439,"(2, 0, 0)"
italiani,2063,1.1996658203242019,1.0980216131286962,1.199267169523551,1.3074985697807344,"(2, 0, 0)"
italiani,2064,1.1989208593943024,1.0931199327593464,1.197201954101081,1.3044863088520933,"(2, 0, 0)"
italiani,2065,1.1996721707781113,1.0939917345703811,1.2008405937519155,1.3041478268468856,"(2, 0, 0)"
italiani,2066,1.199825860218665,1.0997000514120008,1.1982748334863365,1.3036316226447113,"(2, 0, 0)"
italiani,2067,1.1981786642893872,1.0955048695311853,1.1988091060394641,1.3030194390202021,"(2, 0, 0)"
italiani,2068,1.1987764809098034,1.0977799278370466,1.1978826079599347,1.3029833213158315,"(2, 0, 0)"
italiani,2069,1.200458855713985,1.0977249729274674,1.2011453402918766,1.3031514726900661,"(2, 0, 0)"
italiani,2070,1.1994292895720355,1.092100049453477,1.2004027628012204,1.3053672382237036,"(2, 0, 0)"
italiani,2071,1.200383783054354,1.0954426401696042,1.1995388622066678,1.3069463681371385,"(2, 0, 0)"
italiani,2072,1.1979091652061364,1.0913062209342264,1.1974141429950431,1.303363290361768,"(2, 0, 0)"
italiani,2073,1.1994185773345092,1.098352718083371,1.1989961712220636,1.3019294681087428,"(2, 0, 0)"
italiani,2074,1.1982854887210037,1.0908948753262144,1.1997422888460336,1.3050520554536413,"(2, 0, 0)"
italiani,2075,1.2002668206308014,1.0965666463048658,1.2006725549941368,1.3045529914288347,"(2, 0, 0)"
stranieri,2025,1.7592264004621359,1.6454433193194329,1.7592249579589505,1.8722568795465666,"(2, 1, 0)"
stranieri,2026,1.7386835860412502,1.604866038427539,1.7383833453839326,1.86867033520921,"(2, 1, 0)"
stranieri,2027,1.6885526153289387,1.4959916045090758,1.6909982013136542,1.8761725423253799,"(2, 1, 0)"
stranieri,2028,1.6654298069568432,1.4528464875072784,1.6658221652436704,1.8759143509630047,"(2, 1, 0)"
stranieri,2029,1.6177888157671436,1.3609149455645613,1.6159532192571158,1.8798343300589786,"(2, 1, 0)"
stranieri,2030,1.5928492311596971,1.3212108946800758,1.5941090242767726,1.8636001967613323,"(2, 1, 0)"
stranieri,2031,1.546139220245442,1.2371453246313922,1.5489096290816085,1.8585361519766885,"(2, 1, 0)"
stranieri,2032,1.514954997268826,1.185581248974762,1.5179914882439483,1.8358238189832845,"(2, 1, 0)"
stranieri,2033,1.4682520901471066,1.1216311973071869,1.4670838870106948,1.8126349262028787,"(2, 1, 0)"
stranieri,2034,1.4536550061865825,1.098510798301277,1.4552184702299105,1.8105956331268958,"(2, 1, 0)"
stranieri,2035,1.3940664482127108,1.002980325215843,1.3958261196129569,1.7881744510747437,"(2, 1, 0)"
stranieri,2036,1.3642590518050461,0.9589631253379141,1.3637527256994506,1.7555151365814772,"(2, 1, 0)"
stranieri,2037,1.3108944107125344,0.8850072147091995,1.3150994412217274,1.7311712356312554,"(2, 1, 0)"
stranieri,2038,1.3003761946388692,0.8482929431085624,1.303014687436281,1.7462947480772582,"(2, 1, 0)"
stranieri,2039,1.251620277662322,0.8034020448086072,1.2497409641531314,1.7038937461948525,"(2, 1, 0)"
stranieri,2040,1.2199091331323495,0.7540900821701996,1.2198044188216297,1.6800103522560854,"(2, 1, 0)"
stranieri,2041,1.1769579641283086,0.682060955132337,1.1746918989885502,1.6558675252097084,"(2, 1, 0)"
stranieri,2042,1.1456336450267366,0.6528901746822682,1.1388170180022565,1.6429413999833926,"(2, 1, 0)"
stranieri,2043,1.084632752198939,0.5824839621945935,1.0749125851142252,1.5995993306210756,"(2, 1, 0)"
stranieri,2044,1.0704029959851469,0.5462746340032524,1.0682743569276374,1.6068536599864467,"(2, 1, 0)"
stranieri,2045,1.029145147471413,0.47471983259929307,1.0347010161977575,1.5522828280017817,"(2, 1, 0)"
stranieri,2046,0.9945212199050062,0.44249171834736767,0.9832781365359722,1.5441890208413327,"(2, 1, 0)"
stranieri,2047,0.959676013732541,0.3944027401505588,0.9536600863184171,1.524943198306033,"(2, 1, 0)"
stranieri,2048,0.9201596037772685,0.3379297559165513,0.912505654715785,1.512423964100951,"(2, 1, 0)"
stranieri,2049,0.8720873209377141,0.27499899409873585,0.8614683777546845,1.4718619609509267,"(2, 1, 0)"
stranieri,2050,0.8517751645387522,0.22368959236594613,0.8420092667596274,1.4779119006404975,"(2, 1, 0)"
stranieri,2051,0.815822511378201,0.19447397318944606,0.8132053247217101,1.4217587786846502,"(2, 1, 0)"
stranieri,2052,0.8065703940194447,0.16736663030633647,0.7908895163768387,1.4029975363203144,"(2, 1, 0)"
stranieri,2053,0.7491526748940548,0.08799873451855078,0.7376649039710595,1.3589998724873735,"(2, 1, 0)"
stranieri,2054,0.7163750553932235,0.05,0.7004297089223394,1.3293367394503999,"(2, 1, 0)"
stranieri,2055,0.6764316356008557,0.05,0.6372245979209022,1.3108277453292343,"(2, 1, 0)"
stranieri,2056,0.6494278819859618,0.05,0.6208484486026251,1.2759837477289302,"(2, 1, 0)"
stranieri,2057,0.6269034412950494,0.05,0.5933442461727302,1.2558948792130888,"(2, 1, 0)"
stranieri,2058,0.5903577393203817,0.05,0.5424494452040136,1.2273373834865462,"(2, 1, 0)"
stranieri,2059,0.5824954065492934,0.05,0.5193060928977541,1.2343086949066675,"(2, 1, 0)"
stranieri,2060,0.5367277244314989,0.05,0.46137097206271027,1.1784359335797483,"(2, 1, 0)"
stranieri,2061,0.5048976196406741,0.05,0.42517377090430497,1.1179012190818145,"(2, 1, 0)"
stranieri,2062,0.5010961769806639,0.05,0.4118659378780395,1.133539596263148,"(2, 1, 0)"
stranieri,2063,0.4713716241098071,0.05,0.34844967546001604,1.1220261276658405,"(2, 1, 0)"
stranieri,2064,0.4500288480022982,0.05,0.3336787326630053,1.0634267870650957,"(2, 1, 0)"
stranieri,2065,0.41743985754372054,0.05,0.27576536456753764,1.0542514611011706,"(2, 1, 0)"
stranieri,2066,0.40318598621010104,0.05,0.2382856719315281,1.0055337445823644,"(2, 1, 0)"
stranieri,2067,0.38763135151009237,0.05,0.21132359535715323,1.021916552214719,"(2, 1, 0)"
stranieri,2068,0.35868016717591894,0.05,0.16349336906428968,0.9643955767806791,"(2, 1, 0)"
stranieri,2069,0.33905738268684127,0.05,0.12237774564675924,0.9208727255916,"(2, 1, 0)"
stranieri,2070,0.3276100509414008,0.05,0.11397521019065816,0.8992099528233737,"(2, 1, 0)"
stranieri,2071,0.309817489465087,0.05,0.05270795390911271,0.8970425271898066,"(2, 1, 0)"
stranieri,2072,0.29104911289861946,0.05,0.05,0.8411893056136502,"(2, 1, 0)"
stranieri,2073,0.2828084891134124,0.05,0.05,0.8437020130468019,"(2, 1, 0)"
stranieri,2074,0.25620630754287993,0.05,0.05,0.759353410942621,"(2, 1, 0)"
stranieri,2075,0.25093650094744485,0.05,0.05,0.7484067480234381,"(2, 1, 0)"
